starting_equity_usd,client_tolerance_pct,ending_equity_usd,net_profit_usd,return_pct,max_drawdown_usd,max_drawdown_pct_of_peak,filled_trades,rejected_trades,cash_profit_factor,base_assessed_risk_pct
500,0.5,506.811994668447,6.811994668447028,1.3623989336894127,0.7192223733423475,0.14170997747378516,45,4912,3.3308082545793036,0.05
500,1.0,1164.2312549988915,664.2312549988915,132.8462509997783,7.554754720226356,0.6447213618839214,1415,3542,3.195177562840189,0.1
500,2.5,1052626.045240206,1052126.045240206,210425.2090480412,11125.809976249351,1.056957504192334,4957,0,3.053374578079061,0.25
500,5.0,7521480.717241674,7520980.717241674,1504196.143448335,48024.91235775314,0.6385034298853478,4957,0,2.4163055925199153,0.5
500,10.0,10711610.196508946,10711110.196508946,2142222.039301789,75309.76278784033,0.7030666856453082,4957,0,2.322621091130362,1.0
500,15.0,11995616.37195172,11995116.37195172,2399023.2743903436,75309.76278784033,0.6278106972804701,4950,7,2.2722507643861105,1.5
500,20.0,12419135.816467742,12418635.816467742,2483727.1632935484,75309.76278784033,0.6064009919915666,4927,30,2.2372338297385674,2.0
500,25.0,12438949.115926104,12438449.115926104,2487689.823185221,75309.76278784033,0.6054350901027331,4925,32,2.235821242686129,2.0
500,30.0,12453087.78451115,12452587.78451115,2490517.55690223,75309.76278784033,0.6047477066813003,4925,32,2.234774952363046,2.0
500,35.0,12457136.45742158,12456636.45742158,2491327.291484316,75309.7627878408,0.6045511586490934,4925,32,2.2340798746294297,2.0
500,40.0,12459271.71229958,12458771.71229958,2491754.342459916,75309.7627878408,0.6044475514046,4925,32,2.2336263744644187,2.0
500,45.0,12461277.758312883,12460777.758312883,2492155.5516625764,75309.7627878408,0.604350246005887,4925,32,2.233344908799246,2.0
500,50.0,12462842.927287595,12462342.927287595,2492468.5854575187,75309.7627878408,0.6042743475724055,4925,32,2.2331508895679497,2.0
1000,0.5,1002.6202639912501,2.6202639912501127,0.2620263991250038,1.2851600633500766,0.1280160493763982,16,4941,2.0604917140111825,0.05
1000,1.0,1338.3438773471948,338.34387734719485,33.8343877347195,8.546448469361849,0.634531877284109,595,4362,2.466980335013725,0.1
1000,2.5,2007485.1325148144,2006485.1325148144,200648.51325148143,23333.56286708801,1.1623280536009557,4957,0,2.8913201007329326,0.25
1000,5.0,8075555.282525784,8074555.282525784,807455.5282525785,54396.93970955163,0.6735999916594955,4957,0,2.390522960271951,0.5
1000,10.0,11041275.07911479,11040275.07911479,1104027.5079114789,75309.76278784033,0.6820748713189213,4957,0,2.307112515109179,1.0
1000,15.0,12239986.601053061,12238986.601053061,1223898.660105306,75309.76278784033,0.6152765133040349,4951,6,2.2559154732115805,1.5
1000,20.0,12569296.511522455,12568296.511522455,1256829.6511522455,75309.76278784312,0.5991565456253306,4927,30,2.226963840185851,2.0
1000,25.0,12583969.186854782,12582969.186854782,1258296.9186854782,75309.76278784312,0.5984579401744858,4925,32,2.2253777763146916,2.0
1000,30.0,12597510.727305388,12596510.727305388,1259651.0727305387,75309.76278784312,0.5978146351136461,4925,32,2.2248683876556927,2.0
1000,35.0,12600119.877126785,12599119.877126785,1259911.9877126785,75309.76278784312,0.5976908435970855,4925,32,2.2246385388362193,2.0
1000,40.0,12600830.63773485,12599830.63773485,1259983.0637734851,75309.76278784312,0.5976571303348693,4925,32,2.224513291978977,2.0
1000,45.0,12601783.411614737,12600783.411614737,1260078.3411614737,75309.76278784312,0.5976119437065714,4925,32,2.2245008362315253,2.0
1000,50.0,12602665.386040164,12601665.386040164,1260166.5386040164,75309.76278784312,0.5975701209306321,4925,32,2.2245007967363413,2.0
5000,0.5,5028.740594103001,28.740594103001058,0.5748118820600112,7.320248611177703,0.14535663566829476,25,4932,2.365130691038407,0.05
5000,1.0,6970.412435685462,1970.4124356854618,39.40824871370923,45.746966095751304,0.6520229013630646,589,4368,2.4224194172759694,0.1
5000,2.5,4585824.886319437,4580824.886319437,91616.49772638874,39181.21463192487,0.8543984038468495,4957,0,2.5511677768483794,0.25
5000,5.0,9490226.32987037,9485226.32987037,189704.52659740738,63460.50847694883,0.6686933090015743,4957,0,2.347314299481683,0.5
5000,10.0,12016985.940297699,12011985.940297699,240239.71880595395,75309.76278784033,0.6266942739385003,4957,0,2.278974540625783,1.0
5000,15.0,12727760.21052383,12722760.21052383,254455.20421047663,75309.76278784312,0.5916969014357604,4954,3,2.2256611537582063,1.5
5000,20.0,12942125.445066197,12937125.445066197,258742.50890132395,75309.76278784312,0.5818964057140456,4937,20,2.211956762662571,2.0
5000,25.0,12938111.920928309,12933111.920928309,258662.23841856618,75309.76278784312,0.5820769154579987,4935,22,2.211931528918368,2.0
5000,30.0,12940048.240087675,12935048.240087675,258700.9648017535,75309.76278784312,0.5819898148025209,4935,22,2.211855718003948,2.0
5000,35.0,12940224.94940929,12935224.94940929,258704.49898818578,75309.76278784312,0.581981867257114,4935,22,2.2118067762930886,2.0
5000,40.0,12940224.94940929,12935224.94940929,258704.49898818578,75309.76278784312,0.581981867257114,4935,22,2.2118067762930886,2.0
5000,45.0,12940224.94940929,12935224.94940929,258704.49898818578,75309.76278784312,0.581981867257114,4935,22,2.2118067762930886,2.0
5000,50.0,12940224.94940929,12935224.94940929,258704.49898818578,75309.76278784312,0.581981867257114,4935,22,2.2118067762930886,2.0
10000,0.5,10059.841383538505,59.8413835385054,0.5984138353850588,14.640497222355407,0.14532258229888945,25,4932,2.359575927931497,0.05
10000,1.0,13993.96722534976,3993.9672253497592,39.93967225349759,92.95973316690106,0.6599007252657014,589,4368,2.4041641593344534,0.1
10000,2.5,5800394.910944955,5790394.910944955,57903.94910944956,41181.16899935622,0.7099718145336987,4957,0,2.484011332016745,0.25
10000,5.0,10092503.131721469,10082503.131721469,100825.03131721469,63460.50847694883,0.6287885933618178,4957,0,2.343817149924531,0.5
10000,10.0,12393013.946911862,12383013.946911862,123830.13946911863,75309.76278784033,0.6076791578743144,4957,0,2.2588098461812094,1.0
10000,15.0,12924345.508361762,12914345.508361762,129143.45508361762,75309.76278784312,0.5826969167538842,4955,2,2.2170880167177436,1.5
10000,20.0,13056875.19155118,13046875.19155118,130468.7519155118,75309.76278784312,0.5767824359428236,4940,17,2.209862873591107,2.0
10000,25.0,13050766.660406822,13040766.660406822,130407.66660406823,75309.76278784312,0.5770524042569584,4938,19,2.2096720402321703,2.0
10000,30.0,13052604.269406604,13042604.269406604,130426.04269406604,75309.76278784312,0.5769711640178826,4938,19,2.209676688308006,2.0
10000,35.0,13053039.936267195,13043039.936267195,130430.39936267196,75309.76278784312,0.576951906648189,4938,19,2.2096854740165894,2.0
10000,40.0,13053039.469908746,13043039.469908746,130430.39469908747,75309.76278784312,0.5769519272615025,4938,19,2.209685350720547,2.0
10000,45.0,13053039.469908746,13043039.469908746,130430.39469908747,75309.76278784312,0.5769519272615025,4938,19,2.209685350720547,2.0
10000,50.0,13053039.469908746,13043039.469908746,130430.39469908747,75309.76278784312,0.5769519272615025,4938,19,2.209685350720547,2.0
