rulebook_id,source_rulebook_id,asset_class,instrument,timeframe,mechanism_family,status,validation_trades,validation_pf,final_test_trades,final_test_pf,min_six_block_pf,independent_reproduction,production_authorized
AEGIS-RB-V39-V31-AUDUSD-M5,AEGIS-RB-V31,FOREX,AUDUSD,M5,12-bar compression + low exhaustion + down break continuation,QUALIFIED_RESEARCH_CANDIDATE,430,1.907689,427,2.100625,1.744553,True,False
AEGIS-RB-V39-V35-AUDUSD-M5,AEGIS-RB-V35,FOREX,AUDUSD,M5,12-bar compression + 24/48-bar downside agreement + expansion continuation,QUALIFIED_RESEARCH_CANDIDATE,328,2.123376,349,2.388958,1.512861,True,False
AEGIS-RB-V39-V31-USDCHF-M5,AEGIS-RB-V31,FOREX,USDCHF,M5,12-bar compression + low exhaustion + down break continuation,QUALIFIED_RESEARCH_CANDIDATE,430,2.205261,460,2.518696,1.789298,True,False
AEGIS-RB-V39-V35-USDCHF-M5,AEGIS-RB-V35,FOREX,USDCHF,M5,12-bar compression + 24/48-bar downside agreement + expansion continuation,QUALIFIED_RESEARCH_CANDIDATE,367,2.81937,335,3.388069,2.282969,True,False
AEGIS-RB-V39-V31-NZDUSD-M5,AEGIS-RB-V31,FOREX,NZDUSD,M5,12-bar compression + low exhaustion + down break continuation,QUALIFIED_RESEARCH_CANDIDATE,439,2.145246,483,2.482567,2.033992,True,False
AEGIS-RB-V39-V35-NZDUSD-M5,AEGIS-RB-V35,FOREX,NZDUSD,M5,12-bar compression + 24/48-bar downside agreement + expansion continuation,QUALIFIED_RESEARCH_CANDIDATE,358,2.61917,378,3.305567,1.787691,True,False
AEGIS-RB-V53.6-V31-AUDUSD-5M,AEGIS-RB-V31-GBPUSD-5M,FOREX,AUDUSD,M5,12-bar compression + low exhaustion + down-break continuation,QUALIFIED_RESEARCH_CANDIDATE,684,1.921,683,1.983,1.578,True,False
AEGIS-RB-V53.6-V31-EURCHF-5M,AEGIS-RB-V31-GBPUSD-5M,FOREX,EURCHF,M5,12-bar compression + low exhaustion + down-break continuation,QUALIFIED_RESEARCH_CANDIDATE,687,2.435,644,3.468,2.177,True,False
AEGIS-RB-V53.6-V31-EURGBP-5M,AEGIS-RB-V31-GBPUSD-5M,FOREX,EURGBP,M5,12-bar compression + low exhaustion + down-break continuation,QUALIFIED_RESEARCH_CANDIDATE,644,2.306,603,2.862,1.853,True,False
AEGIS-RB-V53.6-V31-GBPJPY-5M,AEGIS-RB-V31-GBPUSD-5M,FOREX,GBPJPY,M5,12-bar compression + low exhaustion + down-break continuation,QUALIFIED_RESEARCH_CANDIDATE,698,1.739,663,2.376,1.182,True,False
AEGIS-RB-V53.6-V31-GBPNZD-5M,AEGIS-RB-V31-GBPUSD-5M,FOREX,GBPNZD,M5,12-bar compression + low exhaustion + down-break continuation,QUALIFIED_RESEARCH_CANDIDATE,696,3.308,666,3.977,2.529,True,False
AEGIS-RB-V53.6-V31-NZDCHF-5M,AEGIS-RB-V31-GBPUSD-5M,FOREX,NZDCHF,M5,12-bar compression + low exhaustion + down-break continuation,QUALIFIED_RESEARCH_CANDIDATE,725,6.461,636,7.054,3.059,True,False
AEGIS-RB-V53.6-V31-NZDJPY-5M,AEGIS-RB-V31-GBPUSD-5M,FOREX,NZDJPY,M5,12-bar compression + low exhaustion + down-break continuation,QUALIFIED_RESEARCH_CANDIDATE,726,2.828,705,2.883,1.742,True,False
AEGIS-RB-V53.6-V31-NZDUSD-5M,AEGIS-RB-V31-GBPUSD-5M,FOREX,NZDUSD,M5,12-bar compression + low exhaustion + down-break continuation,QUALIFIED_RESEARCH_CANDIDATE,728,2.281,722,2.523,2.067,True,False
AEGIS-RB-V53.6-V31-USDCAD-5M,AEGIS-RB-V31-GBPUSD-5M,FOREX,USDCAD,M5,12-bar compression + low exhaustion + down-break continuation,QUALIFIED_RESEARCH_CANDIDATE,650,1.834,632,1.805,1.299,True,False
AEGIS-RB-V53.6-V31-USDCHF-5M,AEGIS-RB-V31-GBPUSD-5M,FOREX,USDCHF,M5,12-bar compression + low exhaustion + down-break continuation,QUALIFIED_RESEARCH_CANDIDATE,729,2.387,735,2.375,1.953,True,False
AEGIS-RB-V2OPT-EURGBP-M5,NATIVE-V2OPT,FOREX,EURGBP,M5,RSI oversold + non-negative short trend; ATR trailing exit,RESEARCH_ARCHIVED_INSUFFICIENT_GATES,75,7.383054,82,5.497789,,true,false
AEGIS-RB-V2OPT-EURJPY-M5,NATIVE-V2OPT,FOREX,EURJPY,M5,Multi-confirm mean-reversion long (RSI+BB+CCI+wick),RESEARCH_ARCHIVED_INSUFFICIENT_GATES,343,1.185055,404,1.189012,,true,false
AEGIS-RB-V2OPT-EURUSD-M5,NATIVE-V2OPT,FOREX,EURUSD,M5,RSI oversold + non-negative short trend; ATR trailing exit,RESEARCH_ARCHIVED_INSUFFICIENT_GATES,62,2.474212,64,1.043953,,true,false
AEGIS-RB-V2OPT-GBPAUD-M5,NATIVE-V2OPT,FOREX,GBPAUD,M5,Bollinger lower-band extreme + non-negative trend; ATR trail,RESEARCH_ARCHIVED_INSUFFICIENT_GATES,528,1.219192,472,1.847637,,true,false
AEGIS-RB-V2OPT-GBPJPY-M5,NATIVE-V2OPT,FOREX,GBPJPY,M5,RSI oversold + non-negative short trend; ATR trailing exit,RESEARCH_ARCHIVED_INSUFFICIENT_GATES,68,3.000086,91,5.388343,,true,false
AEGIS-RB-V2OPT-GBPUSD-M5,NATIVE-V2OPT,FOREX,GBPUSD,M5,Bollinger lower-band extreme + non-negative trend; ATR trail,RESEARCH_ARCHIVED_INSUFFICIENT_GATES,481,1.677214,511,1.302825,,true,false
AEGIS-RB-V2OPT-NZDUSD-M5,NATIVE-V2OPT,FOREX,NZDUSD,M5,RSI oversold + non-negative short trend; ATR trailing exit,RESEARCH_ARCHIVED_INSUFFICIENT_GATES,76,4.433417,77,2.276128,,true,false
AEGIS-RB-V2OPT-USDCAD-M5,NATIVE-V2OPT,FOREX,USDCAD,M5,Bollinger lower-band extreme + non-negative trend; ATR trail,RESEARCH_ARCHIVED_INSUFFICIENT_GATES,502,1.711158,544,1.387948,,true,false
AEGIS-RB-V2OPT-USDCHF-M5,NATIVE-V2OPT,FOREX,USDCHF,M5,60-bar z-score mean reversion long with RSI filter; fixed R exits,RESEARCH_ARCHIVED_INSUFFICIENT_GATES,2670,1.275149,2737,1.255233,,true,false
AEGIS-RB-V2OPT-USDJPY-M5,NATIVE-V2OPT,FOREX,USDJPY,M5,RSI oversold + non-negative short trend; ATR trailing exit,RESEARCH_ARCHIVED_INSUFFICIENT_GATES,68,1.909205,88,3.707474,,true,false
