instrument,asset_class,timeframe,registry_status,router_status,eligible_rulebooks,reason
AUDUSD,FOREX,M5,TRANSFER_QUALIFIED,RESEARCH_ELIGIBLE,AEGIS-RB-V53.6-V31-AUDUSD-5M;AEGIS-RB-V39-V31-AUDUSD-M5;AEGIS-RB-TRANSFER-RSI9-SHORT-M5-AUDUSD-20261001;AEGIS-RB-NATIVE-TRANSFER-AUDUSD-LONG_EMA_PULLBACK-M5-20261003,V53.6 V31 transfer PASS; production_authorization=false; RSI9 SHORT 20261001 QUALIFIED (GOOD); native LONG ema_pullback transfer 20261003 QUALIFIED (research)
BTCUSD,CRYPTO,M5,TRANSFER_QUALIFIED,RESEARCH_ELIGIBLE,AEGIS-RB-TRANSFER-RSI9-SHORT-M5-BTCUSD-20261001,RSI9 SHORT transfer 20261001 QUALIFIED (GOOD)
ETHUSD,CRYPTO,M5,TRANSFER_QUALIFIED,RESEARCH_ELIGIBLE,AEGIS-RB-TRANSFER-RSI9-SHORT-M5-ETHUSD-20261001,RSI9 SHORT transfer 20261001 QUALIFIED (GOOD)
EURCHF,FOREX,M5,TRANSFER_QUALIFIED,RESEARCH_ELIGIBLE,AEGIS-RB-V53.6-V31-EURCHF-5M;AEGIS-RB-TRANSFER-RSI9-SHORT-M5-EURCHF-20261001;AEGIS-RB-NATIVE-TRANSFER-EURCHF-LONG_EMA_PULLBACK-M5-20261003,V53.6 V31 transfer PASS; production_authorization=false; RSI9 SHORT 20261001 QUALIFIED (GOOD); native LONG ema_pullback transfer 20261003 QUALIFIED (research)
EURGBP,FOREX,M5,TRANSFER_QUALIFIED,RESEARCH_ELIGIBLE,AEGIS-RB-V53.6-V31-EURGBP-5M;AEGIS-RB-TRANSFER-RSI9-SHORT-M5-EURGBP-20261001;AEGIS-RB-NATIVE-TRANSFER-EURGBP-LONG_EMA_PULLBACK-M5-20261003,V53.6 V31 transfer PASS; production_authorization=false; V2-OPT removed (insufficient gates: not val_n>300/PF>1.6/6-block).; RSI9 SHORT 20261001 QUALIFIED (GOOD); native LONG ema_pullback transfer 20261003 QUALIFIED (research)
EURJPY,FOREX,M5,TRANSFER_QUALIFIED,RESEARCH_ELIGIBLE,AEGIS-RB-V2OPT-EURJPY-M5;AEGIS-RB-TRANSFER-RSI9-SHORT-M5-EURJPY-20261001;AEGIS-RB-NATIVE-TRANSFER-EURJPY-LONG_EMA_PULLBACK-M5-20261003,"V2-OPT only; disqualified for demo/live: original gates were val_n>=40 and PF>=1.15, not strict val_n>300 / PF>1.6 / 6-block min>1. production_authorization=false.; RSI9 SHORT 20261001 QUALIFIED (GOOD); native LONG ema_pullback transfer 20261003 QUALIFIED (research)"
EURUSD,FOREX,M5,TRANSFER_QUALIFIED,RESEARCH_ELIGIBLE,AEGIS-RB-V2OPT-EURUSD-M5;AEGIS-RB-TRANSFER-RSI9-SHORT-M5-EURUSD-20261001;AEGIS-RB-NATIVE-TRANSFER-EURUSD-LONG_EMA_PULLBACK-M5-20261003,"V2-OPT only; disqualified for demo/live: original gates were val_n>=40 and PF>=1.15, not strict val_n>300 / PF>1.6 / 6-block min>1. production_authorization=false.; RSI9 SHORT 20261001 QUALIFIED (GOOD); native LONG ema_pullback transfer 20261003 QUALIFIED (research)"
GBPAUD,FOREX,M5,V2OPT_INSUFFICIENT_GATES,TRADING_DISABLED,AEGIS-RB-V2OPT-GBPAUD-M5,"V2-OPT only; disqualified for demo/live: original gates were val_n>=40 and PF>=1.15, not strict val_n>300 / PF>1.6 / 6-block min>1. production_authorization=false."
GBPJPY,FOREX,M5,TRANSFER_QUALIFIED,RESEARCH_ELIGIBLE,AEGIS-RB-V53.6-V31-GBPJPY-5M;AEGIS-RB-TRANSFER-RSI9-SHORT-M5-GBPJPY-20261001;AEGIS-RB-NATIVE-TRANSFER-GBPJPY-LONG_EMA_PULLBACK-M5-20261003,V53.6 V31 transfer PASS; production_authorization=false; V2-OPT removed (insufficient gates: not val_n>300/PF>1.6/6-block).; RSI9 SHORT 20261001 QUALIFIED (GOOD); native LONG ema_pullback transfer 20261003 QUALIFIED (research)
GBPNZD,FOREX,M5,TRANSFER_QUALIFIED,RESEARCH_ELIGIBLE,AEGIS-RB-V53.6-V31-GBPNZD-5M;AEGIS-RB-TRANSFER-RSI9-SHORT-M5-GBPNZD-20261001;AEGIS-RB-NATIVE-TRANSFER-GBPNZD-LONG_EMA_PULLBACK-M5-20261003,V53.6 V31 transfer PASS; production_authorization=false; RSI9 SHORT 20261001 QUALIFIED (GOOD); native LONG ema_pullback transfer 20261003 QUALIFIED (research)
GBPUSD,FOREX,M5,TRANSFER_QUALIFIED,RESEARCH_ELIGIBLE,AEGIS-RB-V31-GBPUSD-5M;AEGIS-RB-V35-GBPUSD-5M;AEGIS-RB-TRANSFER-RSI9-SHORT-M5-GBPUSD-20261001;AEGIS-RB-NATIVE-TRANSFER-GBPUSD-LONG_EMA_PULLBACK-M5-20261003,Frozen standardized source rulebooks; historical qualification only; not a V53.6 target; V2-OPT removed (insufficient gates: not val_n>300/PF>1.6/6-block).; RSI9 SHORT 20261001 QUALIFIED (GOOD); native LONG ema_pullback transfer 20261003 QUALIFIED (research)
GER40,INDEX,M5,NATIVE_QUALIFIED,RESEARCH_ELIGIBLE,AEGIS-RB-NATIVE-GER40-LONG_RSI9_LT30-M5-20261001,RSI9 SHORT transfer rejected 20261001 (RSI9 SHORT val PF<=1.6); Native discovery 20261001 QUALIFIED (GOOD) — long_rsi9_lt30
NZDCHF,FOREX,M5,TRANSFER_QUALIFIED,RESEARCH_ELIGIBLE,AEGIS-RB-V53.6-V31-NZDCHF-5M;AEGIS-RB-TRANSFER-RSI9-SHORT-M5-NZDCHF-20261001;AEGIS-RB-NATIVE-TRANSFER-NZDCHF-LONG_EMA_PULLBACK-M5-20261003,V53.6 V31 transfer PASS; production_authorization=false; RSI9 SHORT 20261001 QUALIFIED (GOOD); native LONG ema_pullback transfer 20261003 QUALIFIED (research)
NZDJPY,FOREX,M5,TRANSFER_QUALIFIED,RESEARCH_ELIGIBLE,AEGIS-RB-V53.6-V31-NZDJPY-5M;AEGIS-RB-TRANSFER-RSI9-SHORT-M5-NZDJPY-20261001;AEGIS-RB-NATIVE-TRANSFER-NZDJPY-LONG_EMA_PULLBACK-M5-20261003,V53.6 V31 transfer PASS; production_authorization=false; RSI9 SHORT 20261001 QUALIFIED (GOOD); native LONG ema_pullback transfer 20261003 QUALIFIED (research)
NZDUSD,FOREX,M5,TRANSFER_QUALIFIED,RESEARCH_ELIGIBLE,AEGIS-RB-V53.6-V31-NZDUSD-5M;AEGIS-RB-V39-V31-NZDUSD-M5,V53.6 V31 transfer PASS; production_authorization=false; V2-OPT removed (insufficient gates: not val_n>300/PF>1.6/6-block).; NZDUSD RSI9 SHORT + native LONG transfer 20261003 NOT_QUALIFIED (val PF below 1.6 gate)
UK100,INDEX,M5,NATIVE_QUALIFIED,RESEARCH_ELIGIBLE,AEGIS-RB-NATIVE-UK100-LONG_Z60_LT-1.5-M5-20261001,RSI9 SHORT transfer rejected 20261001 (RSI9 SHORT val PF<=1.6); Native discovery 20261001 QUALIFIED (GOOD) — long_z60_lt-1.5
UKOIL,COMMODITY,M5,NATIVE_QUALIFIED,RESEARCH_ELIGIBLE,AEGIS-RB-NATIVE-UKOIL-LONG_FAILED_BREAKOUT20-M5-20261001,RSI9 SHORT transfer rejected 20261001 (RSI9 SHORT val PF<=1.6); Native discovery 20261001 QUALIFIED (GOOD) — long_failed_breakout20
US100,INDEX,M5,NATIVE_QUALIFIED,RESEARCH_ELIGIBLE,AEGIS-RB-NATIVE-US100-LONG_RSI9_LT30-M5-20261001,RSI9 SHORT transfer rejected 20261001 (RSI9 SHORT val PF<=1.6); Native discovery 20261001 QUALIFIED (GOOD) — long_rsi9_lt30
US500,INDEX,M5,DISCOVERY_NO_QUALIFIED,TRADING_DISABLED,,RSI9 SHORT transfer rejected 20261001 (check); native discovery 20261001 no qualified rule
USDCAD,FOREX,M5,TRANSFER_QUALIFIED,RESEARCH_ELIGIBLE,AEGIS-RB-V53.6-V31-USDCAD-5M;AEGIS-RB-TRANSFER-RSI9-SHORT-M5-USDCAD-20261001;AEGIS-RB-NATIVE-TRANSFER-USDCAD-LONG_EMA_PULLBACK-M5-20261003,V53.6 V31 transfer PASS; production_authorization=false; V2-OPT removed (insufficient gates: not val_n>300/PF>1.6/6-block).; RSI9 SHORT 20261001 QUALIFIED (GOOD); native LONG ema_pullback transfer 20261003 QUALIFIED (research)
USDCHF,FOREX,M5,TRANSFER_QUALIFIED,RESEARCH_ELIGIBLE,AEGIS-RB-V53.6-V31-USDCHF-5M;AEGIS-RB-V39-V31-USDCHF-M5;AEGIS-RB-TRANSFER-RSI9-SHORT-M5-USDCHF-20261001;AEGIS-RB-NATIVE-TRANSFER-USDCHF-LONG_EMA_PULLBACK-M5-20261003,V53.6 V31 transfer PASS; production_authorization=false; V2-OPT removed (insufficient gates: not val_n>300/PF>1.6/6-block).; RSI9 SHORT 20261001 QUALIFIED (GOOD); native LONG ema_pullback transfer 20261003 QUALIFIED (research)
USDJPY,FOREX,M5,V2OPT_INSUFFICIENT_GATES,RESEARCH_ELIGIBLE,AEGIS-RB-V2OPT-USDJPY-M5;AEGIS-RB-NATIVE-USDJPY-LONG_EMA_PULLBACK-M5-20261001,"V2-OPT only; disqualified for demo/live: original gates were val_n>=40 and PF>=1.15, not strict val_n>300 / PF>1.6 / 6-block min>1. production_authorization=false.; Native discovery 20261001 QUALIFIED (GOOD) — long_ema_pullback"
USOIL,COMMODITY,M5,DISCOVERY_NO_QUALIFIED,TRADING_DISABLED,,RSI9 SHORT transfer rejected 20261001 (RSI9 SHORT val PF<=1.6); native discovery 20261001 no qualified rule
XAGUSD,METAL,M5,NATIVE_QUALIFIED,RESEARCH_ELIGIBLE,AEGIS-RB-NATIVE-XAGUSD-LONG_RSI9_LT25-M5-20261001,RSI9 SHORT transfer rejected 20261001 (RSI9 SHORT val PF<=1.6); Native discovery 20261001 QUALIFIED (GOOD) — long_rsi9_lt25
XAUUSD,METAL,M5,DISCOVERY_NO_QUALIFIED,TRADING_DISABLED,,RSI9 SHORT transfer rejected 20261001 (RSI9 SHORT val PF<=1.6); native discovery 20261001 no qualified rule
