rulebook_id,source_rulebook_id,asset_class,instrument,timeframe,mechanism_family,status,validation_trades,validation_pf,final_test_trades,final_test_pf,min_six_block_pf,independent_reproduction,production_authorized
AEGIS-RB-V39-V31-AUDUSD-M5,AEGIS-RB-V31,FOREX,AUDUSD,M5,12-bar compression + low exhaustion + down break continuation,QUALIFIED_RESEARCH_CANDIDATE,430,1.907689,427,2.100625,1.744553,True,False
AEGIS-RB-V39-V35-AUDUSD-M5,AEGIS-RB-V35,FOREX,AUDUSD,M5,12-bar compression + 24/48-bar downside agreement + expansion continuation,QUALIFIED_RESEARCH_CANDIDATE,328,2.123376,349,2.388958,1.512861,True,False
AEGIS-RB-V39-V31-USDCHF-M5,AEGIS-RB-V31,FOREX,USDCHF,M5,12-bar compression + low exhaustion + down break continuation,QUALIFIED_RESEARCH_CANDIDATE,430,2.205261,460,2.518696,1.789298,True,False
AEGIS-RB-V39-V35-USDCHF-M5,AEGIS-RB-V35,FOREX,USDCHF,M5,12-bar compression + 24/48-bar downside agreement + expansion continuation,QUALIFIED_RESEARCH_CANDIDATE,367,2.81937,335,3.388069,2.282969,True,False
AEGIS-RB-V39-V31-NZDUSD-M5,AEGIS-RB-V31,FOREX,NZDUSD,M5,12-bar compression + low exhaustion + down break continuation,QUALIFIED_RESEARCH_CANDIDATE,439,2.145246,483,2.482567,2.033992,True,False
AEGIS-RB-V39-V35-NZDUSD-M5,AEGIS-RB-V35,FOREX,NZDUSD,M5,12-bar compression + 24/48-bar downside agreement + expansion continuation,QUALIFIED_RESEARCH_CANDIDATE,358,2.61917,378,3.305567,1.787691,True,False
AEGIS-RB-V53.6-V31-AUDUSD-5M,AEGIS-RB-V31-GBPUSD-5M,FOREX,AUDUSD,M5,12-bar compression + low exhaustion + down-break continuation,QUALIFIED_RESEARCH_CANDIDATE,684,1.921,683,1.983,1.578,True,False
AEGIS-RB-V53.6-V31-EURCHF-5M,AEGIS-RB-V31-GBPUSD-5M,FOREX,EURCHF,M5,12-bar compression + low exhaustion + down-break continuation,QUALIFIED_RESEARCH_CANDIDATE,687,2.435,644,3.468,2.177,True,False
AEGIS-RB-V53.6-V31-EURGBP-5M,AEGIS-RB-V31-GBPUSD-5M,FOREX,EURGBP,M5,12-bar compression + low exhaustion + down-break continuation,QUALIFIED_RESEARCH_CANDIDATE,644,2.306,603,2.862,1.853,True,False
AEGIS-RB-V53.6-V31-GBPJPY-5M,AEGIS-RB-V31-GBPUSD-5M,FOREX,GBPJPY,M5,12-bar compression + low exhaustion + down-break continuation,QUALIFIED_RESEARCH_CANDIDATE,698,1.739,663,2.376,1.182,True,False
AEGIS-RB-V53.6-V31-GBPNZD-5M,AEGIS-RB-V31-GBPUSD-5M,FOREX,GBPNZD,M5,12-bar compression + low exhaustion + down-break continuation,QUALIFIED_RESEARCH_CANDIDATE,696,3.308,666,3.977,2.529,True,False
AEGIS-RB-V53.6-V31-NZDCHF-5M,AEGIS-RB-V31-GBPUSD-5M,FOREX,NZDCHF,M5,12-bar compression + low exhaustion + down-break continuation,QUALIFIED_RESEARCH_CANDIDATE,725,6.461,636,7.054,3.059,True,False
AEGIS-RB-V53.6-V31-NZDJPY-5M,AEGIS-RB-V31-GBPUSD-5M,FOREX,NZDJPY,M5,12-bar compression + low exhaustion + down-break continuation,QUALIFIED_RESEARCH_CANDIDATE,726,2.828,705,2.883,1.742,True,False
AEGIS-RB-V53.6-V31-NZDUSD-5M,AEGIS-RB-V31-GBPUSD-5M,FOREX,NZDUSD,M5,12-bar compression + low exhaustion + down-break continuation,QUALIFIED_RESEARCH_CANDIDATE,728,2.281,722,2.523,2.067,True,False
AEGIS-RB-V53.6-V31-USDCAD-5M,AEGIS-RB-V31-GBPUSD-5M,FOREX,USDCAD,M5,12-bar compression + low exhaustion + down-break continuation,QUALIFIED_RESEARCH_CANDIDATE,650,1.834,632,1.805,1.299,True,False
AEGIS-RB-V53.6-V31-USDCHF-5M,AEGIS-RB-V31-GBPUSD-5M,FOREX,USDCHF,M5,12-bar compression + low exhaustion + down-break continuation,QUALIFIED_RESEARCH_CANDIDATE,729,2.387,735,2.375,1.953,True,False
AEGIS-RB-V2OPT-EURGBP-M5,NATIVE-V2OPT,FOREX,EURGBP,M5,RSI oversold + non-negative short trend; ATR trailing exit,RESEARCH_ARCHIVED_INSUFFICIENT_GATES,75,7.383054,82,5.497789,,true,false
AEGIS-RB-V2OPT-EURJPY-M5,NATIVE-V2OPT,FOREX,EURJPY,M5,Multi-confirm mean-reversion long (RSI+BB+CCI+wick),RESEARCH_ARCHIVED_INSUFFICIENT_GATES,343,1.185055,404,1.189012,,true,false
AEGIS-RB-V2OPT-EURUSD-M5,NATIVE-V2OPT,FOREX,EURUSD,M5,RSI oversold + non-negative short trend; ATR trailing exit,RESEARCH_ARCHIVED_INSUFFICIENT_GATES,62,2.474212,64,1.043953,,true,false
AEGIS-RB-V2OPT-GBPAUD-M5,NATIVE-V2OPT,FOREX,GBPAUD,M5,Bollinger lower-band extreme + non-negative trend; ATR trail,RESEARCH_ARCHIVED_INSUFFICIENT_GATES,528,1.219192,472,1.847637,,true,false
AEGIS-RB-V2OPT-GBPJPY-M5,NATIVE-V2OPT,FOREX,GBPJPY,M5,RSI oversold + non-negative short trend; ATR trailing exit,RESEARCH_ARCHIVED_INSUFFICIENT_GATES,68,3.000086,91,5.388343,,true,false
AEGIS-RB-V2OPT-GBPUSD-M5,NATIVE-V2OPT,FOREX,GBPUSD,M5,Bollinger lower-band extreme + non-negative trend; ATR trail,RESEARCH_ARCHIVED_INSUFFICIENT_GATES,481,1.677214,511,1.302825,,true,false
AEGIS-RB-V2OPT-NZDUSD-M5,NATIVE-V2OPT,FOREX,NZDUSD,M5,RSI oversold + non-negative short trend; ATR trailing exit,RESEARCH_ARCHIVED_INSUFFICIENT_GATES,76,4.433417,77,2.276128,,true,false
AEGIS-RB-V2OPT-USDCAD-M5,NATIVE-V2OPT,FOREX,USDCAD,M5,Bollinger lower-band extreme + non-negative trend; ATR trail,RESEARCH_ARCHIVED_INSUFFICIENT_GATES,502,1.711158,544,1.387948,,true,false
AEGIS-RB-V2OPT-USDCHF-M5,NATIVE-V2OPT,FOREX,USDCHF,M5,60-bar z-score mean reversion long with RSI filter; fixed R exits,RESEARCH_ARCHIVED_INSUFFICIENT_GATES,2670,1.275149,2737,1.255233,,true,false
AEGIS-RB-V2OPT-USDJPY-M5,NATIVE-V2OPT,FOREX,USDJPY,M5,RSI oversold + non-negative short trend; ATR trailing exit,RESEARCH_ARCHIVED_INSUFFICIENT_GATES,68,1.909205,88,3.707474,,true,false
AEGIS-RB-TRANSFER-RSI9-SHORT-M5-AUDUSD-20261001,AEGIS-RB-DISC-USDCHF-RSI9-SHORT-M5-20260929,FOREX,AUDUSD,M5,RSI9>70 mean-reversion SHORT + ATR stop/BE/trail,QUALIFIED_RESEARCH_CANDIDATE,2302,2.664,2307,2.809,1.98,true,false
AEGIS-RB-TRANSFER-RSI9-SHORT-M5-EURCHF-20261001,AEGIS-RB-DISC-USDCHF-RSI9-SHORT-M5-20260929,FOREX,EURCHF,M5,RSI9>70 mean-reversion SHORT + ATR stop/BE/trail,QUALIFIED_RESEARCH_CANDIDATE,2117,4.101,2208,5.004,3.377,true,false
AEGIS-RB-TRANSFER-RSI9-SHORT-M5-EURGBP-20261001,AEGIS-RB-DISC-USDCHF-RSI9-SHORT-M5-20260929,FOREX,EURGBP,M5,RSI9>70 mean-reversion SHORT + ATR stop/BE/trail,QUALIFIED_RESEARCH_CANDIDATE,2094,3.586,2027,4.21,2.898,true,false
AEGIS-RB-TRANSFER-RSI9-SHORT-M5-EURJPY-20261001,AEGIS-RB-DISC-USDCHF-RSI9-SHORT-M5-20260929,FOREX,EURJPY,M5,RSI9>70 mean-reversion SHORT + ATR stop/BE/trail,QUALIFIED_RESEARCH_CANDIDATE,2403,1.717,2362,1.956,1.43,true,false
AEGIS-RB-TRANSFER-RSI9-SHORT-M5-EURUSD-20261001,AEGIS-RB-DISC-USDCHF-RSI9-SHORT-M5-20260929,FOREX,EURUSD,M5,RSI9>70 mean-reversion SHORT + ATR stop/BE/trail,QUALIFIED_RESEARCH_CANDIDATE,2507,1.614,2307,1.783,1.442,true,false
AEGIS-RB-TRANSFER-RSI9-SHORT-M5-GBPJPY-20261001,AEGIS-RB-DISC-USDCHF-RSI9-SHORT-M5-20260929,FOREX,GBPJPY,M5,RSI9>70 mean-reversion SHORT + ATR stop/BE/trail,QUALIFIED_RESEARCH_CANDIDATE,2340,2.061,2324,2.287,1.856,true,false
AEGIS-RB-TRANSFER-RSI9-SHORT-M5-GBPNZD-20261001,AEGIS-RB-DISC-USDCHF-RSI9-SHORT-M5-20260929,FOREX,GBPNZD,M5,RSI9>70 mean-reversion SHORT + ATR stop/BE/trail,QUALIFIED_RESEARCH_CANDIDATE,2236,5.627,2225,6.136,3.26,true,false
AEGIS-RB-TRANSFER-RSI9-SHORT-M5-GBPUSD-20261001,AEGIS-RB-DISC-USDCHF-RSI9-SHORT-M5-20260929,FOREX,GBPUSD,M5,RSI9>70 mean-reversion SHORT + ATR stop/BE/trail,QUALIFIED_RESEARCH_CANDIDATE,2441,1.927,2287,2.142,1.572,true,false
AEGIS-RB-TRANSFER-RSI9-SHORT-M5-NZDCHF-20261001,AEGIS-RB-DISC-USDCHF-RSI9-SHORT-M5-20260929,FOREX,NZDCHF,M5,RSI9>70 mean-reversion SHORT + ATR stop/BE/trail,QUALIFIED_RESEARCH_CANDIDATE,2149,10.818,2060,15.46,6.95,true,false
AEGIS-RB-TRANSFER-RSI9-SHORT-M5-NZDJPY-20261001,AEGIS-RB-DISC-USDCHF-RSI9-SHORT-M5-20260929,FOREX,NZDJPY,M5,RSI9>70 mean-reversion SHORT + ATR stop/BE/trail,QUALIFIED_RESEARCH_CANDIDATE,2347,2.492,2341,2.926,1.79,true,false
AEGIS-RB-TRANSFER-RSI9-SHORT-M5-USDCAD-20261001,AEGIS-RB-DISC-USDCHF-RSI9-SHORT-M5-20260929,FOREX,USDCAD,M5,RSI9>70 mean-reversion SHORT + ATR stop/BE/trail,QUALIFIED_RESEARCH_CANDIDATE,2404,2.811,2374,3.331,2.467,true,false
AEGIS-RB-TRANSFER-RSI9-SHORT-M5-USDCHF-20261001,AEGIS-RB-DISC-USDCHF-RSI9-SHORT-M5-20260929,FOREX,USDCHF,M5,RSI9>70 mean-reversion SHORT + ATR stop/BE/trail,QUALIFIED_RESEARCH_CANDIDATE,2314,2.864,2460,3.028,2.388,true,false
AEGIS-RB-TRANSFER-RSI9-SHORT-M5-BTCUSD-20261001,AEGIS-RB-DISC-USDCHF-RSI9-SHORT-M5-20260929,CRYPTO,BTCUSD,M5,RSI9>70 mean-reversion SHORT + ATR stop/BE/trail,QUALIFIED_RESEARCH_CANDIDATE,3287,1.618,2857,1.585,1.502,true,false
AEGIS-RB-TRANSFER-RSI9-SHORT-M5-ETHUSD-20261001,AEGIS-RB-DISC-USDCHF-RSI9-SHORT-M5-20260929,CRYPTO,ETHUSD,M5,RSI9>70 mean-reversion SHORT + ATR stop/BE/trail,QUALIFIED_RESEARCH_CANDIDATE,3243,1.615,2983,1.628,1.506,true,false
AEGIS-RB-NATIVE-USDJPY-LONG_EMA_PULLBACK-M5-20261001,NATIVE_DISCOVERY_20261001,FOREX,USDJPY,M5,trend:long_ema_pullback,QUALIFIED_RESEARCH_CANDIDATE,2151,1.696,2451,2.075,1.49,true,false
AEGIS-RB-NATIVE-GER40-LONG_RSI9_LT30-M5-20261001,NATIVE_DISCOVERY_20261001,INDEX,GER40,M5,mean_rev:long_rsi9_lt30,QUALIFIED_RESEARCH_CANDIDATE,2210,1.844,2307,1.476,1.504,true,false
AEGIS-RB-NATIVE-UK100-LONG_Z60_LT-1.5-M5-20261001,NATIVE_DISCOVERY_20261001,INDEX,UK100,M5,mean_rev:long_z60_lt-1.5,QUALIFIED_RESEARCH_CANDIDATE,2737,1.665,2700,1.575,1.25,true,false
AEGIS-RB-NATIVE-US100-LONG_RSI9_LT30-M5-20261001,NATIVE_DISCOVERY_20261001,INDEX,US100,M5,mean_rev:long_rsi9_lt30,QUALIFIED_RESEARCH_CANDIDATE,2175,1.638,2253,1.391,1.323,true,false
AEGIS-RB-NATIVE-UKOIL-LONG_FAILED_BREAKOUT20-M5-20261001,NATIVE_DISCOVERY_20261001,COMMODITY,UKOIL,M5,fade:long_failed_breakout20,QUALIFIED_RESEARCH_CANDIDATE,2040,1.738,2178,1.59,1.508,true,false
AEGIS-RB-NATIVE-XAGUSD-LONG_RSI9_LT25-M5-20261001,NATIVE_DISCOVERY_20261001,METAL,XAGUSD,M5,mean_rev:long_rsi9_lt25,QUALIFIED_RESEARCH_CANDIDATE,1140,1.841,1184,1.581,1.35,true,false
AEGIS-RB-NATIVE-TRANSFER-AUDUSD-LONG_EMA_PULLBACK-M5-20261003,AEGIS-RB-NATIVE-USDJPY-LONG_EMA_PULLBACK-M5-20261001,FOREX,AUDUSD,M5,native LONG ema20/50 pullback transfer,QUALIFIED_RESEARCH_CANDIDATE,2261,2.862,2310,2.607,2.368,False,False
AEGIS-RB-NATIVE-TRANSFER-EURCHF-LONG_EMA_PULLBACK-M5-20261003,AEGIS-RB-NATIVE-USDJPY-LONG_EMA_PULLBACK-M5-20261001,FOREX,EURCHF,M5,native LONG ema20/50 pullback transfer,QUALIFIED_RESEARCH_CANDIDATE,2349,4.202,2492,5.612,2.995,False,False
AEGIS-RB-NATIVE-TRANSFER-EURGBP-LONG_EMA_PULLBACK-M5-20261003,AEGIS-RB-NATIVE-USDJPY-LONG_EMA_PULLBACK-M5-20261001,FOREX,EURGBP,M5,native LONG ema20/50 pullback transfer,QUALIFIED_RESEARCH_CANDIDATE,2347,3.585,2357,4.177,2.829,False,False
AEGIS-RB-NATIVE-TRANSFER-EURJPY-LONG_EMA_PULLBACK-M5-20261003,AEGIS-RB-NATIVE-USDJPY-LONG_EMA_PULLBACK-M5-20261001,FOREX,EURJPY,M5,native LONG ema20/50 pullback transfer,QUALIFIED_RESEARCH_CANDIDATE,2302,2.16,2487,2.552,1.606,False,False
AEGIS-RB-NATIVE-TRANSFER-EURUSD-LONG_EMA_PULLBACK-M5-20261003,AEGIS-RB-NATIVE-USDJPY-LONG_EMA_PULLBACK-M5-20261001,FOREX,EURUSD,M5,native LONG ema20/50 pullback transfer,QUALIFIED_RESEARCH_CANDIDATE,2190,1.638,2167,1.687,1.303,False,False
AEGIS-RB-NATIVE-TRANSFER-GBPJPY-LONG_EMA_PULLBACK-M5-20261003,AEGIS-RB-NATIVE-USDJPY-LONG_EMA_PULLBACK-M5-20261001,FOREX,GBPJPY,M5,native LONG ema20/50 pullback transfer,QUALIFIED_RESEARCH_CANDIDATE,2289,2.452,2456,3.225,1.633,False,False
AEGIS-RB-NATIVE-TRANSFER-GBPNZD-LONG_EMA_PULLBACK-M5-20261003,AEGIS-RB-NATIVE-USDJPY-LONG_EMA_PULLBACK-M5-20261001,FOREX,GBPNZD,M5,native LONG ema20/50 pullback transfer,QUALIFIED_RESEARCH_CANDIDATE,2352,7.889,2375,8.711,5.852,False,False
AEGIS-RB-NATIVE-TRANSFER-GBPUSD-LONG_EMA_PULLBACK-M5-20261003,AEGIS-RB-NATIVE-USDJPY-LONG_EMA_PULLBACK-M5-20261001,FOREX,GBPUSD,M5,native LONG ema20/50 pullback transfer,QUALIFIED_RESEARCH_CANDIDATE,2309,2.361,2146,2.053,2.026,False,False
AEGIS-RB-NATIVE-TRANSFER-NZDCHF-LONG_EMA_PULLBACK-M5-20261003,AEGIS-RB-NATIVE-USDJPY-LONG_EMA_PULLBACK-M5-20261001,FOREX,NZDCHF,M5,native LONG ema20/50 pullback transfer,QUALIFIED_RESEARCH_CANDIDATE,2346,11.446,2406,15.914,6.131,False,False
AEGIS-RB-NATIVE-TRANSFER-NZDJPY-LONG_EMA_PULLBACK-M5-20261003,AEGIS-RB-NATIVE-USDJPY-LONG_EMA_PULLBACK-M5-20261001,FOREX,NZDJPY,M5,native LONG ema20/50 pullback transfer,QUALIFIED_RESEARCH_CANDIDATE,2290,2.789,2320,3.331,2.108,False,False
AEGIS-RB-NATIVE-TRANSFER-USDCAD-LONG_EMA_PULLBACK-M5-20261003,AEGIS-RB-NATIVE-USDJPY-LONG_EMA_PULLBACK-M5-20261001,FOREX,USDCAD,M5,native LONG ema20/50 pullback transfer,QUALIFIED_RESEARCH_CANDIDATE,2294,3.06,2324,3.642,2.451,False,False
AEGIS-RB-NATIVE-TRANSFER-USDCHF-LONG_EMA_PULLBACK-M5-20261003,AEGIS-RB-NATIVE-USDJPY-LONG_EMA_PULLBACK-M5-20261001,FOREX,USDCHF,M5,native LONG ema20/50 pullback transfer,QUALIFIED_RESEARCH_CANDIDATE,2246,2.866,2359,3.582,2.434,False,False
