symbol,asset,val_n,val_pf,val_block,test_pf,test_block,research_ok,cash_1k_0.5_tv
BTCUSD,CRYPTO,3287,1.618,1.502,1.585,1.311,True,2766754651.7
ETHUSD,CRYPTO,3243,1.615,1.506,1.628,1.389,True,2953703658.52
GER40,INDEX,2413,1.44,1.228,1.46,1.304,False,798727942.29
UK100,INDEX,2212,1.492,1.306,1.421,1.266,False,657563562.43
UKOIL,COMMODITY,2239,1.589,1.4,1.562,1.442,False,674301947.07
US100,INDEX,2325,1.291,1.109,1.314,1.22,False,244269019.12
US500,INDEX,2389,1.311,1.218,1.292,1.156,False,409725919.3
USOIL,COMMODITY,2372,1.415,1.128,1.596,1.265,False,627433951.89
XAGUSD,METAL,2005,1.269,1.159,1.316,1.122,False,241349083.16
XAUUSD,METAL,2591,1.213,1.083,1.299,1.069,False,298727001.63
