file,ts,p7_U,p7_M,p7_L,p8_U,p8_M,p8_L,rsi6_val,ma4_val,b1_U_val,b1_M_val,b1_L_val,LABEL,RULE_NAME,REASON
Screenshot_20260830-094047.png,20260830094047,347.125,373.0009765625,400.0000009536743,346.0078125,363.0078125,380.0078125,30.07,38.882,46.0878,41.1847,36.2816,HOLD,warming_up,Collecting frames (1/2). Need at least 2 for v3 rules.
Screenshot_20260830-094111.png,20260830094111,402.0078125,428.015625,450.125,398.00390625,427.0009765625,455.000244140625,29.7,38.246,45.4905,40.9037,36.3169,BUY,expansion_buy,"expansion=True, f7<f11=False, f8<f11=True"
Screenshot_20260830-094222.png,20260830094222,151.015625,190.0078125,230.0009765625,161.0000038146973,203.0000004768372,245.00000005960464,29.22,36.562,44.9441,40.5866,36.2291,HOLD,no_rule_matched,No v3 condition fully matched this frame (neutral).
Screenshot_20260830-113122.png,20260830113122,379.00390625,411.015625,443.0625,361.7500009536743,418.0000009536743,453.0000009536743,68.19,61.571,66.7292,52.9791,39.229,BUY,expansion_buy,"expansion=True, f7<f11=True, f8<f11=True"
Screenshot_20260830-113135.png,20260830113135,144.0078125,234.0000001192093,324.0000000000009,167.00000000000043,263.0,359.0,68.19,61.571,66.7292,52.9791,39.229,HOLD,no_rule_matched,No v3 condition fully matched this frame (neutral).
Screenshot_20260830-113155.png,20260830113155,119.001953125,176.00390625,232.015625,156.00000000093132,203.00001525878903,252.015625,68.19,61.571,66.7292,52.9791,39.229,HOLD,no_rule_matched,No v3 condition fully matched this frame (neutral).
Screenshot_20260830-113237.png,20260830113237,107.015625,190.00000002980232,276.0,91.015625,143.00048828125,195.00001525878903,68.19,61.571,66.7292,52.9791,39.229,HOLD,no_rule_matched,No v3 condition fully matched this frame (neutral).
Screenshot_20260830-113320.png,20260830113320,101.1328125,149.0000001192093,194.0000000037253,134.0,138.0,142.0,83.19,77.324,81.7457,66.1542,50.5627,HOLD,no_rule_matched,No v3 condition fully matched this frame (contraction).
Screenshot_20260830-113329.png,20260830113329,382.00006103515625,417.000244140625,451.001953125,370.0001220703125,403.00000190734863,435.0000001192093,82.33,77.2,81.7354,66.1506,50.5659,HOLD,no_rule_matched,No v3 condition fully matched this frame (neutral).
Screenshot_20260830-113338.png,20260830113338,96.015625,135.0009765625,173.00003051757812,90.015625,112.00390625,135.0001220703125,83.43,77.357,81.7486,66.1552,50.5619,HOLD,no_rule_matched,No v3 condition fully matched this frame (neutral).
Screenshot_20260830-113346.png,20260830113346,112.00006103515624,147.00390625,183.0625,107.00000005960464,149.00000001490116,190.0000000149012,82.64,77.244,81.739,66.1519,50.5648,BUY,expansion_buy,"expansion=True, f7<f11=True, f8<f11=True"
Screenshot_20260830-113355.png,20260830113355,250.03125,322.0078125,394.0,270.00000000000364,342.0000000000291,415.0000000000582,80.06,76.877,81.7084,66.1411,50.5738,HOLD,no_rule_matched,No v3 condition fully matched this frame (neutral).
Screenshot_20260830-113403.png,20260830113403,161.00006103515625,200.00000095367432,238.00000002980232,243.0,247.0,251.0,78.23,77.447,80.8018,65.892,50.9822,HOLD,no_rule_matched,No v3 condition fully matched this frame (neutral).
Screenshot_20260830-113410.png,20260830113410,366.0000009536743,395.00000381469727,430.0000004768372,361.0000000149012,381.00000381469727,400.0009765625,78.5,77.485,80.8053,65.8932,50.981,HOLD,no_rule_matched,No v3 condition fully matched this frame (neutral).
Screenshot_20260830-113417.png,20260830113417,329.00001525878906,385.0000009536743,444.0000000149012,423.0,439.00000381469727,455.0000076293945,78.46,77.48,80.8048,65.893,50.9812,HOLD,no_rule_matched,No v3 condition fully matched this frame (neutral).
Screenshot_20260830-113424.png,20260830113424,138.00000047683716,187.0000000149012,245.00000000000023,132.00000002980232,163.00000002980232,192.00000023841855,75.77,77.095,80.7708,65.8817,50.9926,HOLD,no_rule_matched,No v3 condition fully matched this frame (neutral).
Screenshot_20260830-113432.png,20260830113432,191.50000003073364,246.03125,352.0000000000018,256.0,313.0,370.0000009536743,78.23,77.447,80.8018,65.892,50.9822,HOLD,no_rule_matched,No v3 condition fully matched this frame (neutral).
Screenshot_20260830-113501.png,20260830113501,362.001953125,407.0009765625,451.0009765625,399.0000305175781,432.0001220703125,463.0078125,37.04,37.266,48.8638,36.5134,24.1629,HOLD,no_rule_matched,No v3 condition fully matched this frame (neutral).
Screenshot_20260830-113511.png,20260830113511,352.00000381469727,393.00000190734863,435.0000009536743,387.0000000000018,416.0000000074506,446.00000381469727,35.28,37.085,48.9425,36.6876,24.4328,HOLD,no_rule_matched,No v3 condition fully matched this frame (neutral).
Screenshot_20260830-113521.png,20260830113521,203.0001220703125,262.00000190734863,321.0000001192093,220.0000000001164,281.00000000186265,343.0000000149012,33.69,36.858,48.9354,36.681,24.4265,HOLD,no_rule_matched,No v3 condition fully matched this frame (neutral).
Screenshot_20260830-113529.png,20260830113529,127.0009765625,141.015625,157.0625,133.00006103515625,146.00390625,163.0078125,34.0,36.901,48.9368,36.6822,24.4277,HOLD,no_rule_matched,No v3 condition fully matched this frame (neutral).
Screenshot_20260830-113537.png,20260830113537,341.03125,358.0625,376.0078125,372.0000000009313,376.0000000009313,380.0000000009313,36.74,37.293,48.9493,36.6938,24.4382,HOLD,no_rule_matched,No v3 condition fully matched this frame (neutral).
Screenshot_20260830-113544.png,20260830113544,117.500244140625,171.0040283203125,239.0000000001164,119.001953125,144.0078125,169.015625,35.34,37.094,48.9428,36.6879,24.433,SELL,rule_b_sell,"touches(f7,f10/f9)=14, f8_cross_up_f10=False, f8>=f10=True"
Screenshot_20260830-113552.png,20260830113552,314.0009765625,356.0000305175781,399.0000004768372,301.0078125,334.000244140625,368.00000190734863,34.28,36.941,48.938,36.6834,24.4288,HOLD,no_rule_matched,No v3 condition fully matched this frame (neutral).
Screenshot_20260830-113559.png,20260830113559,97.00390625,140.00048828125,184.00001525878903,127.0000000000582,162.00000001490116,198.0000038146973,37.48,37.4,48.9529,36.6969,24.4409,HOLD,no_rule_matched,No v3 condition fully matched this frame (neutral).
Screenshot_20260830-113605.png,20260830113605,170.001953125,234.00000762939453,297.0000002384186,150.03125,222.00006103515625,294.00000005960464,39.05,38.297,49.057,36.9408,24.8247,HOLD,no_rule_matched,No v3 condition fully matched this frame (neutral).
Screenshot_20260830-113613.png,20260830113613,92.03125,138.00048828125,182.00003051757807,86.03125,113.0078125,139.0009765625,35.73,37.823,49.0396,36.9269,24.8141,HOLD,no_rule_matched,No v3 condition fully matched this frame (neutral).
Screenshot_20260830-113622.png,20260830113622,258.03125,305.0625,353.03125,264.00000381469727,315.000244140625,365.015625,35.12,37.736,49.0366,36.9243,24.812,HOLD,no_rule_matched,No v3 condition fully matched this frame (neutral).
Screenshot_20260830-113628.png,20260830113628,130.5234375,163.000244140625,209.00000000000043,120.00390625,135.015625,151.03125,35.82,37.835,49.0401,36.9272,24.8144,HOLD,no_rule_matched,No v3 condition fully matched this frame (neutral).
Screenshot_20260830-113636.png,20260830113636,309.00006103515625,359.00000190734863,409.00000005960464,326.0000305175781,376.0000009536743,426.0000000298023,36.86,37.985,49.0454,36.9316,24.8179,HOLD,no_rule_matched,No v3 condition fully matched this frame (neutral).
Screenshot_20260830-113656.png,20260830113656,464.0,468.0,472.0,111.50000002980232,173.00000190734863,213.00000762939453,34.48,45.618,60.7813,43.5988,26.4163,HOLD,no_rule_matched,No v3 condition fully matched this frame (neutral).
Screenshot_20260830-113722.png,20260830113722,464.0,468.0,472.0,112.015625,193.0000038146973,276.0000000001164,24.29,40.578,60.4877,43.3487,26.2097,HOLD,no_rule_matched,No v3 condition fully matched this frame (neutral).
Screenshot_20260830-113729.png,20260830113729,464.0,468.0,472.0,359.5000305175781,450.001953125,466.03125,26.14,40.841,60.4923,43.3565,26.2206,HOLD,no_rule_matched,No v3 condition fully matched this frame (neutral).
Screenshot_20260830-113755.png,20260830113755,464.0,468.0,472.0,153.00390625,179.00048828125,204.0001220703125,24.69,40.634,60.4887,43.3504,26.2121,HOLD,no_rule_matched,No v3 condition fully matched this frame (neutral).
Screenshot_20260830-113802.png,20260830113802,464.0,468.0,472.0,250.0000001192093,275.00001525878906,300.001953125,23.59,36.478,62.949,42.5375,25.8149,HOLD,no_rule_matched,No v3 condition fully matched this frame (neutral).
Screenshot_20260830-113808.png,20260830113808,464.0,468.0,472.0,247.0,324.0000000000018,403.00000190734863,22.73,36.356,60.049,42.9283,25.8077,HOLD,no_rule_matched,No v3 condition fully matched this frame (neutral).
Screenshot_20260830-113817.png,20260830113817,464.0,468.0,472.0,81.015625,113.0078125,145.0,30.12,37.411,60.0513,42.9594,25.8675,HOLD,no_rule_matched,No v3 condition fully matched this frame (neutral).
Screenshot_20260830-113830.png,20260830113830,464.0,468.0,472.0,395.0009765625,415.001953125,433.015625,31.95,37.672,60.0526,42.9671,25.8816,HOLD,no_rule_matched,No v3 condition fully matched this frame (neutral).
Screenshot_20260830-113843.png,20260830113843,362.00006103515625,383.000244140625,404.0009765625,370.0009765625,391.00048828125,411.0009765625,68.74,50.588,49.8188,44.0283,38.2377,HOLD,no_rule_matched,No v3 condition fully matched this frame (neutral).
Screenshot_20260830-113851.png,20260830113851,420.875,430.5,442.0625,420.015625,431.0078125,441.00390625,68.74,50.588,49.8188,44.0283,38.2377,HOLD,no_rule_matched,No v3 condition fully matched this frame (neutral).
Screenshot_20260830-113858.png,20260830113858,396.0000000298023,427.0000305175781,460.125,432.0078125,445.03125,458.015625,68.74,50.588,49.8188,44.0283,38.2377,HOLD,no_rule_matched,No v3 condition fully matched this frame (contraction).
Screenshot_20260830-113905.png,20260830113905,249.00000000000003,389.0009765625,407.0001220703125,332.0,364.00000000186265,400.00048828125,68.74,50.588,49.8188,44.0283,38.2377,HOLD,no_rule_matched,No v3 condition fully matched this frame (contraction).
Screenshot_20260830-113912.png,20260830113912,178.00000000023283,248.00000000186265,319.0000000037253,155.00000000093132,212.0000000009313,268.0000000009313,68.74,50.588,49.8188,44.0283,38.2377,HOLD,no_rule_matched,No v3 condition fully matched this frame (neutral).
Screenshot_20260830-113918.png,20260830113918,263.000244140625,315.0000305175781,368.0000009536743,306.0000000000018,344.0000000037253,381.0000305175781,68.74,50.588,49.8188,44.0283,38.2377,HOLD,no_rule_matched,No v3 condition fully matched this frame (neutral).
Screenshot_20260830-113926.png,20260830113926,279.03125,304.0009765625,330.00006103515625,274.015625,291.00390625,309.0001220703125,68.74,50.588,49.8188,44.0283,38.2377,HOLD,no_rule_matched,No v3 condition fully matched this frame (neutral).
Screenshot_20260830-113934.png,20260830113934,102.000244140625,109.0,121.5,107.0625,113.0625,119.0625,68.74,50.588,49.8188,44.0283,38.2277,HOLD,no_rule_matched,No v3 condition fully matched this frame (contraction).
Screenshot_20260830-113941.png,20260830113941,329.0,382.0000000000037,438.0000305175781,310.0,360.0000000000002,415.00006103515625,68.74,50.588,49.8188,44.0283,38.2377,HOLD,no_rule_matched,No v3 condition fully matched this frame (neutral).
Screenshot_20260830-113949.png,20260830113949,173.015625,205.0,239.0001220703125,173.00048828125,202.0000038146973,232.0000000149012,68.74,50.588,49.8188,44.0283,38.2377,HOLD,no_rule_matched,No v3 condition fully matched this frame (neutral).
Screenshot_20260830-113956.png,20260830113956,329.00000190734863,354.00000762939453,382.00000190734863,343.0000000000009,351.50195312500045,360.00390625,68.74,50.588,49.8188,44.0283,38.2377,HOLD,no_rule_matched,No v3 condition fully matched this frame (contraction).
Screenshot_20260830-114004.png,20260830114004,335.5000305175781,368.0000305175781,441.0078125,310.0,381.0,456.00006103515625,68.74,50.588,49.8188,44.0283,38.2377,BUY,expansion_buy,"expansion=True, f7<f11=True, f8<f11=True"
Screenshot_20260830-114024.png,20260830114024,156.0625,209.0625,263.0625,145.75390625,186.03125,223.03125,60.53,58.652,65.3876,56.6652,47.9427,HOLD,no_rule_matched,No v3 condition fully matched this frame (neutral).
Screenshot_20260830-114031.png,20260830114031,283.0000001192093,353.0000000298023,423.0000000074506,238.25000023841855,332.0000000000145,406.0,60.53,58.652,65.3876,56.6652,47.9427,HOLD,no_rule_matched,No v3 condition fully matched this frame (neutral).
Screenshot_20260830-114039.png,20260830114039,138.00196075439453,168.015625,185.0,142.50396728515625,166.5,186.0078125,60.53,58.652,65.3876,56.6652,47.9427,HOLD,no_rule_matched,No v3 condition fully matched this frame (neutral).
Screenshot_20260830-114046.png,20260830114046,262.0000001192093,336.00000000023283,410.00000000000045,265.25,377.00000000000045,430.0000000000018,60.53,58.652,65.3876,56.6652,47.9427,HOLD,no_rule_matched,No v3 condition fully matched this frame (neutral).
Screenshot_20260830-114055.png,20260830114055,353.53125381469727,383.00390625,430.0001220703125,341.00024795532227,396.00000005960464,435.5,60.53,58.652,65.3876,56.6652,47.9427,BUY,expansion_buy,"expansion=True, f7<f11=True, f8<f11=True"
Screenshot_20260830-114102.png,20260830114102,101.03125,130.00390625,160.000244140625,109.00000381469728,138.00000047683716,166.0000001192093,60.53,59.333,65.539,56.8129,48.0867,HOLD,no_rule_matched,No v3 condition fully matched this frame (neutral).
Screenshot_20260830-114109.png,20260830114109,374.00048828125,396.001953125,418.015625,370.000244140625,389.00006103515625,408.0000305175781,60.53,59.333,65.539,56.8129,48.0867,HOLD,no_rule_matched,No v3 condition fully matched this frame (neutral).
Screenshot_20260830-114117.png,20260830114117,87.03125,106.03125,130.001953125,84.00390625,126.0000000000582,366.5,60.53,59.333,65.539,56.8129,48.0867,BUY,expansion_buy,"expansion=True, f7<f11=True, f8<f11=True"
Screenshot_20260830-114123.png,20260830114123,231.00006103515625,270.00048828125,309.00390625,263.2500000000291,289.00000190734863,319.03125,60.53,59.333,65.539,56.8129,48.0867,HOLD,no_rule_matched,No v3 condition fully matched this frame (neutral).
Screenshot_20260830-114129.png,20260830114129,166.0009765625,225.00000002980232,284.0000000000009,206.00000000001452,255.00000000000364,305.00000000000006,60.53,59.333,65.539,56.8129,48.0867,HOLD,no_rule_matched,No v3 condition fully matched this frame (neutral).
Screenshot_20260830-114135.png,20260830114135,111.00000011920928,184.0000000149012,257.00000000186265,47.25000762939453,144.00000000745058,200.00000000000728,72.3,61.014,65.6378,56.8623,48.0868,HOLD,no_rule_matched,No v3 condition fully matched this frame (neutral).
Screenshot_20260830-114141.png,20260830114141,285.000244140625,343.0000001192093,401.0000000000582,321.00000000186265,371.0000000001164,420.0000000000291,75.43,61.461,65.6681,56.8755,48.0829,HOLD,no_rule_matched,No v3 condition fully matched this frame (neutral).
Screenshot_20260830-114152.png,20260830114152,464.0,468.0,472.0,264.0,268.0,272.0,74.92,61.728,63.1757,56.6437,50.1117,HOLD,no_rule_matched,No v3 condition fully matched this frame (neutral).
Screenshot_20260830-114214.png,20260830114214,464.0,468.0,472.0,166.0078125,210.0001220703125,308.0,74.71,64.522,63.4362,57.1628,50.8894,HOLD,no_rule_matched,No v3 condition fully matched this frame (neutral).
Screenshot_20260830-114221.png,20260830114221,464.0,468.0,472.0,358.0,365.0009765625,372.001953125,74.7,64.521,63.4361,57.1628,50.8894,HOLD,no_rule_matched,No v3 condition fully matched this frame (neutral).
Screenshot_20260830-114228.png,20260830114228,464.0,468.0,472.0,254.0002479553223,306.00000005960464,466.0,74.7,64.521,63.4361,57.1628,50.8894,HOLD,no_rule_matched,No v3 condition fully matched this frame (neutral).
Screenshot_20260830-114236.png,20260830114236,464.0,468.0,472.0,240.0001220703125,315.00000381469727,423.0,69.53,63.783,63.3506,57.141,50.9315,HOLD,no_rule_matched,No v3 condition fully matched this frame (neutral).
Screenshot_20260830-114243.png,20260830114243,464.0,468.0,472.0,122.015625,177.0078125,271.0,70.05,63.857,63.359,57.1432,50.9275,HOLD,no_rule_matched,No v3 condition fully matched this frame (neutral).
Screenshot_20260830-114251.png,20260830114251,464.0,468.0,472.0,246.0,290.0000000149012,338.0625,71.93,64.125,63.3894,57.1511,50.9127,HOLD,no_rule_matched,No v3 condition fully matched this frame (neutral).
Screenshot_20260830-114257.png,20260830114257,464.0,468.0,472.0,323.00390625,352.0078125,382.0078125,71.93,64.125,63.3895,57.1511,50.9127,HOLD,no_rule_matched,No v3 condition fully matched this frame (neutral).
Screenshot_20260830-114303.png,20260830114303,464.0,468.0,472.0,154.00001525878906,175.0009765625,197.0078125,71.92,65.854,64.0289,57.5808,51.1328,HOLD,no_rule_matched,No v3 condition fully matched this frame (neutral).
Screenshot_20260830-114309.png,20260830114309,464.0,468.0,472.0,281.0,313.0000000149012,351.00048828125,74.56,66.232,64.078,57.5919,51.1059,HOLD,no_rule_matched,No v3 condition fully matched this frame (neutral).
Screenshot_20260830-114315.png,20260830114315,464.0,468.0,472.0,263.00000000186265,326.00000005960464,391.0000001192093,75.36,66.346,64.0931,57.5953,51.0975,HOLD,no_rule_matched,No v3 condition fully matched this frame (neutral).
Screenshot_20260830-114335.png,20260830114335,252.50000382214785,286.03125,344.0000000009313,209.25000000745055,252.00000762939453,281.0009765625,50.83,66.767,64.0733,40.8468,17.6204,HOLD,no_rule_matched,No v3 condition fully matched this frame (neutral).
Screenshot_20260830-114340.png,20260830114340,431.03125,441.125,451.125,437.0078125,446.03125,456.03125,50.83,66.767,64.0733,40.8468,17.6204,HOLD,no_rule_matched,No v3 condition fully matched this frame (neutral).
Screenshot_20260830-114352.png,20260830114352,266.0,358.0,452.0000076293945,231.0,321.0,411.0,50.83,66.767,64.0733,40.8468,17.6204,HOLD,no_rule_matched,No v3 condition fully matched this frame (neutral).
Screenshot_20260830-114359.png,20260830114359,107.625,140.00390625,169.001953125,108.03125,142.015625,175.015625,50.83,66.767,64.0733,40.8468,17.6204,HOLD,no_rule_matched,No v3 condition fully matched this frame (neutral).
Screenshot_20260830-114405.png,20260830114405,391.5002746582031,425.125,432.5,372.0000305175781,401.000244140625,430.00390625,50.83,66.767,64.0733,40.8468,17.6204,HOLD,no_rule_matched,No v3 condition fully matched this frame (neutral).
Screenshot_20260830-114411.png,20260830114411,155.000244140625,224.001953125,293.015625,161.00000000093132,238.00000000000728,313.0,50.83,66.767,64.0733,40.8468,17.6204,HOLD,no_rule_matched,No v3 condition fully matched this frame (neutral).
Screenshot_20260830-114424.png,20260830114424,132.00000000186265,188.00000023841855,244.00003051757807,117.0000000000291,183.00000000745055,250.00000095367432,50.83,66.767,64.0733,40.8468,17.6204,BUY,expansion_buy,"expansion=True, f7<f11=True, f8<f11=True"
Screenshot_20260830-114430.png,20260830114430,157.00390625,214.00048828125,272.0000305175781,172.00001525878906,232.00001525878903,292.00000762939453,50.83,66.767,64.0733,40.8468,17.6204,HOLD,no_rule_matched,No v3 condition fully matched this frame (neutral).
Screenshot_20260830-114440.png,20260830114440,151.00000190734863,177.00001525878906,205.00003051757807,144.00000023841858,163.00000762939453,182.000244140625,50.83,66.767,64.0733,40.8468,17.6204,HOLD,no_rule_matched,No v3 condition fully matched this frame (neutral).
Screenshot_20260830-114455.png,20260830114455,369.0000000149012,405.00000381469727,441.00048828125,357.0000000037253,389.0000002384186,421.00001525878906,52.55,54.031,51.6787,39.2249,26.7712,HOLD,no_rule_matched,No v3 condition fully matched this frame (neutral).
Screenshot_20260830-114502.png,20260830114502,463.0,466.0,469.0,461.0625,464.0625,467.0625,52.55,54.031,51.6787,39.2249,26.7712,HOLD,no_rule_matched,No v3 condition fully matched this frame (neutral).
Screenshot_20260830-114509.png,20260830114509,183.00000000186265,304.00000000000045,424.0,253.0,361.0,468.0,52.55,54.031,51.6787,39.2249,26.7712,HOLD,no_rule_matched,No v3 condition fully matched this frame (neutral).
Screenshot_20260830-114515.png,20260830114515,322.00000190734863,373.0000305175781,422.001953125,358.00000190734863,398.000244140625,440.00390625,52.55,54.031,51.6787,39.2249,26.7712,HOLD,no_rule_matched,No v3 condition fully matched this frame (neutral).
Screenshot_20260830-114521.png,20260830114521,169.00000000001455,211.0000000009313,253.0000000149012,164.0,195.00000000745055,229.001953125,52.55,54.031,51.6787,39.2249,26.7712,HOLD,no_rule_matched,No v3 condition fully matched this frame (neutral).
Screenshot_20260830-114527.png,20260830114527,278.0009765625,335.001953125,392.00390625,335.0000000009313,369.00001525878906,404.03125,52.55,54.031,51.6787,39.2249,26.7712,HOLD,no_rule_matched,No v3 condition fully matched this frame (neutral).
Screenshot_20260830-114534.png,20260830114534,147.00048828125,227.00000095367432,308.0000000009313,174.0,255.0000000000001,336.0000000000009,52.55,54.031,51.6787,39.2249,26.7712,HOLD,no_rule_matched,No v3 condition fully matched this frame (neutral).
Screenshot_20260830-114540.png,20260830114540,401.0000076293945,426.0009765625,451.001953125,423.000244140625,440.0009765625,456.00390625,52.55,54.031,51.6787,39.2249,26.7712,HOLD,no_rule_matched,No v3 condition fully matched this frame (neutral).
Screenshot_20260830-114546.png,20260830114546,305.00048828125,350.00000190734863,394.0000002384186,322.00000000046566,365.0000000074506,409.00000005960464,52.55,54.031,51.6787,39.2249,26.7712,HOLD,no_rule_matched,No v3 condition fully matched this frame (neutral).
Screenshot_20260830-114553.png,20260830114553,227.0078125,271.0000004768372,377.0000000298023,288.0000000000073,336.0000000298023,387.00001525878906,52.55,54.031,51.6787,39.2249,26.7712,HOLD,no_rule_matched,No v3 condition fully matched this frame (neutral).
Screenshot_20260830-114604.png,20260830114604,91.25,115.0009765625,139.00000762939453,89.03125,106.015625,123.0078125,52.55,54.031,51.6787,39.2249,26.7712,HOLD,no_rule_matched,No v3 condition fully matched this frame (neutral).
Screenshot_20260830-114612.png,20260830114612,85.015625,121.000244140625,159.00000095367432,105.00000381469728,138.00000095367432,173.00000005960464,52.55,54.031,51.6787,39.2249,26.7712,HOLD,no_rule_matched,No v3 condition fully matched this frame (neutral).
Screenshot_20260830-114618.png,20260830114618,284.03125,314.0078125,344.00390625,298.0009765625,323.001953125,350.001953125,52.55,54.031,51.6787,39.2249,26.7712,HOLD,no_rule_matched,No v3 condition fully matched this frame (neutral).
Screenshot_20260830-114637.png,20260830114637,357.0000009536743,397.00000381469727,436.00001525878906,389.0000381469727,429.5,451.00000381469727,41.88,47.405,45.8112,41.5523,37.2933,HOLD,no_rule_matched,No v3 condition fully matched this frame (neutral).
Screenshot_20260830-114643.png,20260830114643,422.5,436.25,452.125,427.0009765625,441.015625,457.0078125,41.88,47.405,45.8112,41.5523,37.2933,HOLD,no_rule_matched,No v3 condition fully matched this frame (neutral).
Screenshot_20260830-114648.png,20260830114648,213.0000000000291,314.0000000000009,415.0,281.0,365.0,451.0000000000001,41.88,47.405,45.8112,41.5523,37.2933,HOLD,no_rule_matched,No v3 condition fully matched this frame (neutral).
Screenshot_20260830-114655.png,20260830114655,104.0001220703125,164.00000190734863,225.00000000745055,156.0,198.00000000000364,241.00000005960464,41.88,47.405,45.8112,41.5523,37.2933,HOLD,no_rule_matched,No v3 condition fully matched this frame (neutral).
Screenshot_20260830-114702.png,20260830114702,139.0000001192093,176.00000023841858,212.00000095367432,131.0000000037253,161.00000095367432,191.000244140625,41.88,47.405,45.8112,41.5523,37.2933,HOLD,no_rule_matched,No v3 condition fully matched this frame (neutral).
Screenshot_20260830-114708.png,20260830114708,332.03125,373.0001220703125,413.0000004768372,327.00390625,372.0000076293945,416.00000000186265,41.88,47.405,45.8112,41.5523,37.2933,BUY,expansion_buy,"expansion=True, f7<f11=True, f8<f11=True"
Screenshot_20260830-114714.png,20260830114714,140.5157470703125,195.0009765625,202.03125,111.0078125,158.00003051757812,207.00000000745055,41.88,47.405,45.8112,41.5523,37.2933,BUY,expansion_buy,"expansion=True, f7<f11=True, f8<f11=True"
Screenshot_20260830-114720.png,20260830114720,116.001953125,165.00000005960464,214.00000000000364,140.03125,184.515625,229.0,41.88,47.405,45.8112,41.5523,37.2933,HOLD,no_rule_matched,No v3 condition fully matched this frame (neutral).
Screenshot_20260830-114726.png,20260830114726,170.00000000000182,233.00000000001452,296.00000000023283,154.0000000000001,199.00000000001452,245.0000000004657,41.88,47.405,45.8112,41.5523,37.2933,HOLD,no_rule_matched,No v3 condition fully matched this frame (neutral).
Screenshot_20260830-114737.png,20260830114737,163.03131103515625,181.00390625,207.00000190734863,174.000244140625,194.00012207031975,214.00000000001452,41.88,47.405,45.8112,41.5523,37.2933,HOLD,no_rule_matched,No v3 condition fully matched this frame (neutral).
Screenshot_20260830-114746.png,20260830114746,303.5000019073559,363.125,366.0,319.50390625,352.5,368.00390625,44.78,43.316,51.9708,41.5885,31.2062,HOLD,no_rule_matched,No v3 condition fully matched this frame (neutral).
Screenshot_20260830-114751.png,20260830114751,445.5,449.75,454.0,444.03125,452.0625,461.03125,44.78,43.316,51.9708,41.5885,31.2062,BUY,expansion_buy,"expansion=True, f7<f11=True, f8<f11=True"
Screenshot_20260830-114757.png,20260830114757,226.03125,251.0078125,271.0625,246.50030517578125,278.00001525878906,338.5,44.78,43.316,51.9708,41.5885,31.2062,HOLD,no_rule_matched,No v3 condition fully matched this frame (neutral).
Screenshot_20260830-114803.png,20260830114803,325.0,368.0000004768372,418.015625,327.75000762939453,381.0009765625,413.015625,44.78,43.316,51.9708,41.5885,31.2062,SELL,rule_b_sell,"touches(f7,f10/f9)=16, f8_cross_up_f10=False, f8>=f10=True"
Screenshot_20260830-114808.png,20260830114808,281.0000000000073,356.0000000000145,432.00000000001455,348.0000000000018,399.00000000001455,449.00000000046566,44.78,43.316,51.9708,41.5885,31.2062,HOLD,no_rule_matched,No v3 condition fully matched this frame (neutral).
Screenshot_20260830-114814.png,20260830114814,117.5078125,138.25,171.0000001192093,101.00390625,119.00390625,137.00390625,44.78,43.316,51.9708,41.5885,31.2062,HOLD,no_rule_matched,No v3 condition fully matched this frame (neutral).
Screenshot_20260830-114820.png,20260830114820,114.00000381469728,155.0001220703125,196.0078125,128.00000003166497,197.0000000004657,331.5,44.78,43.316,51.9708,41.5885,31.2062,HOLD,no_rule_matched,No v3 condition fully matched this frame (neutral).
Screenshot_20260830-114825.png,20260830114825,273.50001525878906,329.5000162124634,359.00390625,308.00012397766113,370.0000000000001,468.5,44.78,43.316,51.9708,41.5885,31.2062,HOLD,no_rule_matched,No v3 condition fully matched this frame (neutral).
Screenshot_20260830-114831.png,20260830114831,192.53125,221.25,230.0078125,190.0029296875,226.0009765625,386.5,44.78,43.316,51.9708,41.5885,31.2062,BUY,expansion_buy,"expansion=True, f7<f11=True, f8<f11=True"
Screenshot_20260830-114838.png,20260830114838,109.515625,139.001953125,168.00006103515625,128.50103759765625,177.00000095367432,256.5,44.78,43.316,51.9708,41.5885,31.2062,HOLD,no_rule_matched,No v3 condition fully matched this frame (neutral).
Screenshot_20260830-114843.png,20260830114843,233.00000002980232,294.00000381469727,354.00048828125,227.25000000186265,285.0000000000018,355.0,44.78,43.316,51.9708,41.5885,31.2062,BUY,expansion_buy,"expansion=True, f7<f11=True, f8<f11=True"
Screenshot_20260830-114852.png,20260830114852,243.0000001192093,295.0009765625,352.00390625,300.0000002384186,331.0001220703125,362.03125,65.51,43.818,48.8398,35.0405,21.2411,HOLD,no_rule_matched,No v3 condition fully matched this frame (neutral).
Screenshot_20260830-114858.png,20260830114858,360.0000002384186,397.0000076293945,434.000244140625,347.00000005960464,381.0000001192093,416.00000005960464,65.51,43.818,48.8398,35.0405,21.2411,HOLD,no_rule_matched,No v3 condition fully matched this frame (neutral).
Screenshot_20260830-114904.png,20260830114904,438.125,452.375,462.0,433.015625,447.03125,461.03125,65.51,43.818,48.8398,35.0405,21.2411,HOLD,no_rule_matched,No v3 condition fully matched this frame (neutral).
Screenshot_20260830-114909.png,20260830114909,401.0000004768372,427.0078125,458.0009765625,436.0,444.50048828125,453.0009765625,65.51,43.818,48.8398,35.0405,21.2411,BUY,rule_c_buy,"f7<f11=True, tried_and_failed_cross_f10=True, touches(f7,f11)=5"
Screenshot_20260830-114914.png,20260830114914,306.0000001192093,365.0009765625,425.03125,356.00000762939453,397.00048828125,439.015625,65.51,43.818,48.8398,35.0405,21.2411,HOLD,no_rule_matched,No v3 condition fully matched this frame (neutral).
Screenshot_20260830-114919.png,20260830114919,102.25,137.00390625,178.00003051757812,100.03125,142.001953125,185.00006103515625,65.51,43.818,48.8398,35.0405,21.2411,BUY,expansion_buy,"expansion=True, f7<f11=True, f8<f11=True"
Screenshot_20260830-114925.png,20260830114925,315.515625,334.0,364.00390625,308.00000762939453,341.0001220703125,374.001953125,65.51,43.818,48.8398,35.0405,21.2411,BUY,expansion_buy,"expansion=True, f7<f11=True, f8<f11=True"
Screenshot_20260830-114931.png,20260830114931,291.000244140625,352.00390625,416.015625,286.0000000009313,348.00000000023283,410.0000000000582,65.51,43.818,48.8398,35.9405,21.2411,HOLD,no_rule_matched,No v3 condition fully matched this frame (neutral).
Screenshot_20260830-114936.png,20260830114936,324.00000000046566,391.0000000298023,458.0000009536743,297.00000000186265,363.0000000000582,428.0000000000037,65.51,43.818,48.8398,35.0405,21.2411,HOLD,no_rule_matched,No v3 condition fully matched this frame (neutral).
Screenshot_20260830-114941.png,20260830114941,383.0009765625,404.001953125,425.0078125,394.0078125,412.03125,431.015625,65.51,43.818,48.8398,35.0405,21.2411,HOLD,no_rule_matched,No v3 condition fully matched this frame (neutral).
Screenshot_20260830-114947.png,20260830114947,301.0,345.0000000000582,402.00006103515625,350.0000000037253,377.00000005960464,405.0000002384186,65.51,43.818,48.8398,35.0405,21.2411,HOLD,no_rule_matched,No v3 condition fully matched this frame (neutral).
Screenshot_20260830-114954.png,20260830114954,79.015625,93.03125,106.0625,85.0009765625,98.0009765625,111.0009765625,65.51,43.818,48.8398,35.0405,21.2411,HOLD,no_rule_matched,No v3 condition fully matched this frame (neutral).
Screenshot_20260830-115022.png,20260830115022,113.00001525878906,147.00000095367432,181.0000001192093,107.00003051757812,129.50001525878918,152.00000000000023,48.4,49.569,81.2429,55.9458,30.6486,HOLD,no_rule_matched,No v3 condition fully matched this frame (neutral).
Screenshot_20260830-115034.png,20260830115034,283.001953125,295.0078125,306.125,293.0000000298023,299.0039062649012,305.0078125,48.4,49.569,81.2429,55.9458,30.6486,HOLD,no_rule_matched,No v3 condition fully matched this frame (contraction).
Screenshot_20260830-115040.png,20260830115040,138.00000000046566,189.00000000745055,241.00000005960464,122.00000000011642,163.00000000745058,204.0000004768372,48.4,49.569,81.2429,55.9458,30.6486,HOLD,no_rule_matched,No v3 condition fully matched this frame (neutral).
Screenshot_20260830-115045.png,20260830115045,362.03125,383.015625,410.00006103515625,361.001953125,389.0009765625,417.0,48.4,49.569,81.2429,55.9458,30.6486,BUY,expansion_buy,"expansion=True, f7<f11=True, f8<f11=True"
Screenshot_20260830-115051.png,20260830115051,257.00000190734863,293.00000190734863,328.00000381469727,247.00000190734863,274.0000009536743,299.0000009536743,48.4,49.569,81.2429,55.9458,30.6486,HOLD,no_rule_matched,No v3 condition fully matched this frame (neutral).
Screenshot_20260830-115056.png,20260830115056,292.0001220703125,355.0000002384186,418.0000000002328,334.0000000000002,387.0000000000073,440.0000000000582,48.4,49.569,81.2429,55.9458,30.6486,HOLD,no_rule_matched,No v3 condition fully matched this frame (neutral).
Screenshot_20260830-115101.png,20260830115101,253.015625,296.0078125,340.0009765625,262.0000000298023,304.00000190734863,346.0001220703125,48.4,49.569,81.2429,55.9458,30.6486,HOLD,no_rule_matched,No v3 condition fully matched this frame (neutral).
Screenshot_20260830-115110.png,20260830115110,266.0000305175781,317.000244140625,368.0625,326.0078125,346.00390625,367.001953125,35.22,40.67,67.8129,48.9369,30.0608,HOLD,no_rule_matched,No v3 condition fully matched this frame (contraction).
Screenshot_20260830-115116.png,20260830115116,274.00006103515625,327.00000762939453,413.0000004768372,384.0,405.5001220703125,427.000244140625,35.22,40.67,67.8129,48.9369,30.0608,HOLD,no_rule_matched,No v3 condition fully matched this frame (neutral).
Screenshot_20260830-115122.png,20260830115122,122.0001220703125,148.0001220703125,175.00006103515625,139.00006103515625,161.00006103515625,183.00006103515625,35.22,40.67,67.8129,48.9369,30.0608,HOLD,no_rule_matched,No v3 condition fully matched this frame (neutral).
Screenshot_20260830-115128.png,20260830115128,314.03125,330.00390625,347.00390625,319.00048828125,330.001953125,339.03125,40.95,46.485,70.8622,56.129,41.3958,HOLD,no_rule_matched,No v3 condition fully matched this frame (contraction).
Screenshot_20260830-115135.png,20260830115135,178.00048828125,232.03125,287.03125,190.00000190734863,233.000244140625,276.0078125,40.95,46.485,70.8622,56.129,41.3952,HOLD,no_rule_matched,No v3 condition fully matched this frame (contraction).
Screenshot_20260830-115140.png,20260830115140,104.0625,123.03125,148.000244140625,100.03125,114.03125,129.0078125,40.95,46.485,70.8622,56.129,41.3958,HOLD,no_rule_matched,No v3 condition fully matched this frame (neutral).
Screenshot_20260830-115152.png,20260830115152,271.0000004768372,338.00000190734863,404.00001525878906,319.0000000009313,372.0000004768372,425.000244140625,40.95,46.485,70.8622,56.129,41.3958,HOLD,no_rule_matched,No v3 condition fully matched this frame (neutral).
Screenshot_20260830-115158.png,20260830115158,191.2500000000194,209.0,256.00000762942364,213.00000762939453,254.00000000745055,297.0000000000009,40.95,46.485,70.8622,56.129,41.3958,HOLD,no_rule_matched,No v3 condition fully matched this frame (neutral).
Screenshot_20260830-115204.png,20260830115204,247.50000095379076,307.0,312.5,248.001953125,280.0078125,311.03125,40.95,46.485,70.8622,56.129,41.3958,HOLD,no_rule_matched,No v3 condition fully matched this frame (contraction).
Screenshot_20260830-115210.png,20260830115210,233.0000000000582,291.00000762939453,351.015625,257.00000381469727,310.00000000023283,363.0,40.95,46.485,70.8622,56.129,41.3958,HOLD,no_rule_matched,No v3 condition fully matched this frame (neutral).
Screenshot_20260830-115216.png,20260830115216,357.00000762939453,373.015625,392.0625,358.00000005960464,378.00001525878906,397.0078125,40.95,46.485,70.8622,56.129,41.3958,HOLD,no_rule_matched,No v3 condition fully matched this frame (neutral).
Screenshot_20260830-115221.png,20260830115221,252.0000001192093,290.00000190734863,327.0001220703125,275.000244140625,306.0001220703125,336.00006103515625,40.95,46.485,70.8622,56.129,41.3958,HOLD,no_rule_matched,No v3 condition fully matched this frame (neutral).
Screenshot_20260830-115235.png,20260830115235,286.5634765625,317.00390625,376.00000000186265,256.03125,289.0009765625,322.00001525878906,53.7,47.936,48.3432,41.2149,34.0866,HOLD,no_rule_matched,No v3 condition fully matched this frame (neutral).
Screenshot_20260830-115241.png,20260830115241,409.0000002384186,429.000244140625,452.03125,426.0,436.500244140625,447.00048828125,68.46,64.986,60.3439,43.5463,26.7487,HOLD,no_rule_matched,No v3 condition fully matched this frame (contraction).
Screenshot_20260830-115248.png,20260830115248,325.03125,355.0078125,385.0001220703125,332.00048828125,363.500244140625,395.0,68.46,64.986,60.3439,43.5463,26.7487,HOLD,no_rule_matched,No v3 condition fully matched this frame (neutral).
Screenshot_20260830-115254.png,20260830115254,154.00000762939453,194.0009765625,237.015625,150.00000000745058,199.0000004768372,248.00006103515625,68.46,64.986,60.3439,43.5463,26.7487,BUY,expansion_buy,"expansion=True, f7<f11=True, f8<f11=True"
Screenshot_20260830-115304.png,20260830115304,132.03125,170.5,174.0,158.0,166.50390625,175.0078125,68.46,64.986,60.3439,43.5463,26.7487,HOLD,no_rule_matched,No v3 condition fully matched this frame (neutral).
Screenshot_20260830-115310.png,20260830115310,167.00000000046566,202.0000004768372,238.00048828125,154.00000000001455,190.00000000745055,228.0000004768372,68.46,64.986,60.3439,43.5463,26.7487,HOLD,no_rule_matched,No v3 condition fully matched this frame (neutral).
Screenshot_20260830-115316.png,20260830115316,269.015625,283.03125,298.03125,269.00048828125,282.00048828125,295.00048828125,68.46,64.986,60.3439,43.5463,26.7487,HOLD,no_rule_matched,No v3 condition fully matched this frame (neutral).
Screenshot_20260830-115322.png,20260830115322,210.03125762939453,247.00003051757807,291.0000305175781,211.03125,253.00390625,296.00048828125,68.46,64.986,60.3439,43.5463,26.7487,HOLD,no_rule_matched,No v3 condition fully matched this frame (neutral).
Screenshot_20260830-115334.png,20260830115334,255.00000000001452,262.5312500000073,270.0625,254.0000000000001,260.50781250000006,267.015625,68.46,64.986,60.3439,43.5463,26.7487,HOLD,no_rule_matched,No v3 condition fully matched this frame (neutral).
Screenshot_20260830-115340.png,20260830115340,400.00048828125,429.00390625,458.015625,395.00001525878906,425.0000305175781,455.0000305175781,68.46,64.986,60.3439,43.5463,26.7487,HOLD,no_rule_matched,No v3 condition fully matched this frame (neutral).
Screenshot_20260830-115348.png,20260830115348,223.0009765625,253.25,291.125,265.5625,287.0625,293.5,43.75,46.296,52.2039,40.5084,28.8139,HOLD,no_rule_matched,No v3 condition fully matched this frame (neutral).
Screenshot_20260830-115353.png,20260830115353,321.00000024214387,350.0,397.0000000002328,274.75000000046566,323.0000305175781,351.0009765625,43.75,46.296,52.203,40.5084,28.8139,HOLD,no_rule_matched,No v3 condition fully matched this frame (neutral).
Screenshot_20260830-115400.png,20260830115400,406.0001220703125,426.015625,449.0078125,419.00006103515625,436.001953125,454.0078125,54.94,60.667,62.4905,47.1727,31.8549,HOLD,no_rule_matched,No v3 condition fully matched this frame (neutral).
Screenshot_20260830-115406.png,20260830115406,369.0000000002328,410.0000002384186,451.000244140625,388.0001220703125,424.000244140625,460.00048828125,54.94,60.667,62.4905,47.1727,31.8549,HOLD,no_rule_matched,No v3 condition fully matched this frame (neutral).
Screenshot_20260830-115412.png,20260830115412,97.0078125,124.0078125,152.0078125,88.015625,117.00003051757812,146.00000002980232,54.94,60.687,62.4905,47.1727,31.8549,HOLD,no_rule_matched,No v3 condition fully matched this frame (neutral).
Screenshot_20260830-115417.png,20260830115417,119.00048828125,172.00000095367432,236.0,147.00000047683716,151.00000047683716,155.00000047683716,54.94,60.667,62.4905,47.1727,31.8549,HOLD,no_rule_matched,No v3 condition fully matched this frame (contraction).
Screenshot_20260830-115423.png,20260830115423,129.00396728515625,164.6259765625,199.0000004768372,120.000244140625,148.0078125,179.015625,54.94,60.667,62.4905,47.1727,31.8549,HOLD,no_rule_matched,No v3 condition fully matched this frame (neutral).
Screenshot_20260830-115428.png,20260830115428,113.125,144.03125,175.001953125,111.015625,146.000244140625,180.00000762939453,54.94,60.667,62.4905,47.1727,31.8549,BUY,expansion_buy,"expansion=True, f7<f11=True, f8<f11=True"
Screenshot_20260830-115434.png,20260830115434,152.0390625,207.03125,212.0,189.0,200.501953125,212.00390625,54.94,60.667,62.4905,47.1727,31.8549,HOLD,no_rule_matched,No v3 condition fully matched this frame (neutral).
Screenshot_20260830-115440.png,20260830115440,258.015625,296.0625,335.03125,255.0009765625,300.0001220703125,346.00000381469727,54.94,60.667,62.4905,47.1727,31.8549,BUY,expansion_buy,"expansion=True, f7<f11=True, f8<f11=True"
Screenshot_20260830-115446.png,20260830115446,134.0000038146973,156.00001525878906,177.0001220703125,129.00000023841858,149.0000038146973,168.0001220703125,54.94,60.667,62.4905,47.1727,31.8549,HOLD,no_rule_matched,No v3 condition fully matched this frame (neutral).
Screenshot_20260830-115451.png,20260830115451,114.03125,161.03125,209.0078125,156.00000000046566,186.0000000149012,218.0000001192093,54.94,60.667,62.4905,47.1727,31.8549,HOLD,no_rule_matched,No v3 condition fully matched this frame (neutral).
Screenshot_20260830-115457.png,20260830115457,263.0,330.0000000074506,402.00390625,255.0,335.00000000000006,416.00000381469727,54.94,60.667,62.4905,47.1727,31.8549,BUY,expansion_buy,"expansion=True, f7<f11=True, f8<f11=True"
Screenshot_20260830-115527.png,20260830115527,111.0078125,180.0000000000291,255.0,117.03125,284.0,326.5,41.5,58.276,69.0995,60.9147,52.7299,HOLD,no_rule_matched,No v3 condition fully matched this frame (neutral).
Screenshot_20260830-115533.png,20260830115533,254.0000000004657,326.00000381469727,398.03125,291.5,349.5,417.0000000000001,29.89,28.529,67.0796,48.6289,30.1782,HOLD,no_rule_matched,No v3 condition fully matched this frame (neutral).
Screenshot_20260830-115540.png,20260830115540,141.00000047683716,160.0001220703125,179.015625,135.00000095367432,153.0001220703125,172.015625,29.89,28.529,67.0796,48.6289,30.1782,HOLD,no_rule_matched,No v3 condition fully matched this frame (neutral).
Screenshot_20260830-115546.png,20260830115546,220.0000038146973,261.00000762939453,301.00001525878906,211.00000023841855,244.0000004768372,282.00000000023283,29.89,28.529,67.0796,48.6289,30.1782,HOLD,no_rule_matched,No v3 condition fully matched this frame (neutral).
Screenshot_20260830-115552.png,20260830115552,75.0,83.0,92.3125,77.015625,85.015625,93.03125,29.89,28.529,67.0796,48.6289,30.1782,HOLD,no_rule_matched,No v3 condition fully matched this frame (neutral).
Screenshot_20260830-115559.png,20260830115559,221.00000000186265,302.0000000001164,383.0000000000073,300.0,350.0000000000018,400.0000000002328,29.89,28.529,67.0796,48.6289,30.1782,HOLD,no_rule_matched,No v3 condition fully matched this frame (neutral).
Screenshot_20260830-115605.png,20260830115605,200.00048828125,225.000244140625,250.0001220703125,237.0000000000001,246.00001525878912,255.00003051757807,29.89,28.529,67.0796,48.6289,30.1782,HOLD,no_rule_matched,No v3 condition fully matched this frame (neutral).
Screenshot_20260830-115610.png,20260830115610,264.501953125,310.00000381469727,377.00000000000006,166.2509765625,316.0000000009313,396.0,29.89,28.529,67.0796,48.6289,30.1782,SELL,expansion_sell,"expansion=True, f7>f9=True, f8>f9=True"
Screenshot_20260830-115616.png,20260830115616,230.00000190734863,295.00000000023283,371.0,123.75000000046566,263.0000001192093,300.0000305175781,29.89,28.529,67.0796,48.6289,30.1782,HOLD,no_rule_matched,No v3 condition fully matched this frame (neutral).
Screenshot_20260830-115623.png,20260830115623,417.00390625,437.0078125,456.015625,396.250244140625,443.00048828125,461.0009765625,29.89,28.529,67.0796,48.6289,30.1782,SELL,expansion_sell,"expansion=True, f7>f9=True, f8>f9=True"
Screenshot_20260830-115629.png,20260830115629,86.5625,117.0625,148.0001220703125,101.01565551757812,144.00000001490116,379.5,29.89,28.529,67.0796,48.6289,30.1782,HOLD,no_rule_matched,No v3 condition fully matched this frame (neutral).
Screenshot_20260830-115655.png,20260830115655,401.0009765625,428.00048828125,454.0009765625,292.5,393.001953125,441.0000000000018,35.08,42.3,64.1983,56.0402,47.8821,HOLD,no_rule_matched,No v3 condition fully matched this frame (neutral).
Screenshot_20260830-115701.png,20260830115701,119.0625,159.03125,199.015625,129.5039100646973,185.0000000004657,364.5,35.08,42.3,64.1983,56.0402,47.8821,HOLD,no_rule_matched,No v3 condition fully matched this frame (neutral).
Screenshot_20260830-115707.png,20260830115707,108.03125,143.03125,178.03125,98.265625,131.0078125,167.000244140625,35.08,42.3,64.1983,56.0402,47.8821,HOLD,no_rule_matched,No v3 condition fully matched this frame (neutral).
Screenshot_20260830-115713.png,20260830115713,183.0000000037253,217.00000095367432,251.000244140625,126.75000000046566,201.00000005960464,234.0000004768372,41.14,54.65,58.9971,52.5279,46.0587,HOLD,no_rule_matched,No v3 condition fully matched this frame (neutral).
Screenshot_20260830-115719.png,20260830115719,218.91666666670548,285.00000005960464,350.51568603515625,232.0000000000291,287.00000381469727,346.001953125,41.14,54.65,58.9971,52.5279,46.0587,HOLD,no_rule_matched,No v3 condition fully matched this frame (contraction).
Screenshot_20260830-115728.png,20260830115728,214.00000095367432,243.00048828125,273.0001220703125,238.00048828125,258.000244140625,278.0001220703125,41.14,54.65,58.9971,52.5279,46.0587,HOLD,no_rule_matched,No v3 condition fully matched this frame (neutral).
Screenshot_20260830-115733.png,20260830115733,173.0000038146973,193.0009765625,214.03125,168.00000005960464,191.0000038146973,214.000244140625,41.14,54.65,58.9971,52.5279,46.0587,HOLD,no_rule_matched,No v3 condition fully matched this frame (neutral).
Screenshot_20260830-115739.png,20260830115739,337.001953125,393.001953125,449.00390625,387.0000000000002,425.0000004768372,467.00390625,41.14,54.65,58.9971,52.5279,46.0587,HOLD,no_rule_matched,No v3 condition fully matched this frame (neutral).
Screenshot_20260830-115745.png,20260830115745,113.03125,149.03125,185.015625,134.00003051757812,165.000244140625,196.0009765625,41.14,54.65,58.9971,52.5279,46.0587,HOLD,no_rule_matched,No v3 condition fully matched this frame (neutral).
Screenshot_20260830-115751.png,20260830115751,345.0000002384186,393.0000001192093,441.0000001192093,279.7500000074506,420.0000002384186,451.00000190734863,41.14,54.65,58.9971,52.5279,46.0587,BUY,expansion_buy,"expansion=True, f7<f11=False, f8<f11=True"
Screenshot_20260830-115810.png,20260830115810,100.03125,129.00390625,158.00048828125,94.03125,119.0009765625,145.00001525878906,41.14,54.65,58.9971,52.5279,46.0587,HOLD,no_rule_matched,No v3 condition fully matched this frame (neutral).
Screenshot_20260830-115820.png,20260830115820,123.00001525878906,159.00000047683716,196.00000000745055,149.00000190734863,179.00000095367432,209.0,62.32,55.856,53.6263,44.0494,34.4725,HOLD,no_rule_matched,No v3 condition fully matched this frame (neutral).
Screenshot_20260830-115826.png,20260830115826,311.0000009536743,358.000244140625,407.015625,263.7500002384186,357.0000002384186,398.0000001192093,62.32,55.856,53.6263,44.0494,34.4725,HOLD,no_rule_matched,No v3 condition fully matched this frame (neutral).
Screenshot_20260830-115832.png,20260830115832,172.6875,194.03125,214.0625,146.251953125,197.0001220703125,218.00000762939453,62.32,55.856,53.6263,44.0494,34.4725,BUY,expansion_buy,"expansion=True, f7<f11=True, f8<f11=True"
Screenshot_20260830-115838.png,20260830115838,343.00000762939453,386.001953125,434.00390625,239.25,410.0000000037253,449.00390625,62.32,55.856,53.6263,44.0494,34.4725,BUY,expansion_buy,"expansion=True, f7<f11=True, f8<f11=True"
Screenshot_20260830-115845.png,20260830115845,149.50048828125,230.015625,235.25,215.0,227.5001220703125,240.000244140625,62.32,55.856,53.6263,44.0494,34.4725,HOLD,no_rule_matched,No v3 condition fully matched this frame (neutral).
Screenshot_20260830-115852.png,20260830115852,122.0078125,189.0000004768372,258.0000000000009,153.00000000000364,218.00000000000009,283.0,62.32,55.856,53.6263,44.0494,34.4725,HOLD,no_rule_matched,No v3 condition fully matched this frame (neutral).
Screenshot_20260830-115858.png,20260830115858,306.0000000000002,380.0000002384186,462.0009765625,240.75,371.0,459.0000000000018,62.32,55.856,53.6263,44.0494,34.4725,HOLD,no_rule_matched,No v3 condition fully matched this frame (neutral).
Screenshot_20260830-115904.png,20260830115904,269.0009765625,296.00048828125,323.000244140625,272.00103759765625,313.00001525878906,386.5,62.32,55.856,53.6263,44.0494,34.4725,HOLD,no_rule_matched,No v3 condition fully matched this frame (neutral).
Screenshot_20260830-115910.png,20260830115910,130.00048828125,201.00000762939453,272.0000001192093,208.00000000001452,293.0000001192093,334.5,62.32,55.856,53.6263,44.0494,34.4725,HOLD,no_rule_matched,No v3 condition fully matched this frame (neutral).
Screenshot_20260830-115917.png,20260830115917,394.000244140625,410.0009765625,424.0078125,402.001953125,415.00390625,429.001953125,62.32,55.856,53.6263,44.0494,34.4725,HOLD,no_rule_matched,No v3 condition fully matched this frame (neutral).
Screenshot_20260830-115936.png,20260830115936,286.015625,340.0078125,394.001953125,269.03125,320.00048828125,372.0000004768372,59.11,52.193,66.2534,51.2607,36.2681,HOLD,no_rule_matched,No v3 condition fully matched this frame (neutral).
Screenshot_20260830-115941.png,20260830115941,339.0078125,373.0000076293945,407.0000000037253,353.00390625,386.001953125,419.0,59.11,52.192,66.2534,51.2607,36.2681,HOLD,no_rule_matched,No v3 condition fully matched this frame (neutral).
Screenshot_20260830-115948.png,20260830115948,144.00001525878906,192.0000038146973,243.00000005960464,132.0009765625,165.00048828125,198.0,59.69,57.9,51.824,40.5101,29.1962,HOLD,no_rule_matched,No v3 condition fully matched this frame (neutral).
Screenshot_20260830-115955.png,20260830115955,373.0000000000582,402.00000381469727,435.015625,381.03125,411.001953125,440.0001220703125,59.69,57.9,51.824,40.5101,29.1962,HOLD,no_rule_matched,No v3 condition fully matched this frame (neutral).
Screenshot_20260830-120002.png,20260830120002,263.5078125,295.626953125,320.5000002384186,254.000244140625,292.00000381469727,340.0000000000001,59.69,57.9,51.824,40.5101,29.1962,BUY,expansion_buy,"expansion=True, f7<f11=True, f8<f11=True"
Screenshot_20260830-120016.png,20260830120016,327.125,333.25,339.25,335.0000009536743,339.0000009536743,343.0000009536743,59.69,57.9,51.824,40.5101,29.1962,HOLD,no_rule_matched,No v3 condition fully matched this frame (neutral).
Screenshot_20260830-120022.png,20260830120022,169.0000001192093,259.0000000000145,350.0,233.0,307.0,381.0,59.69,57.9,51.824,40.5101,29.1962,HOLD,no_rule_matched,No v3 condition fully matched this frame (neutral).
Screenshot_20260830-120028.png,20260830120028,153.00006103515625,177.00390625,201.015625,171.0078125,188.03125,206.0625,59.69,57.9,51.824,40.5101,29.1962,HOLD,no_rule_matched,No v3 condition fully matched this frame (neutral).
Screenshot_20260830-120033.png,20260830120033,338.001953125,382.015625,426.03125,196.75001525878903,376.0000000298023,417.0000000000291,59.69,57.9,51.824,40.5101,29.1962,HOLD,no_rule_matched,No v3 condition fully matched this frame (neutral).
Screenshot_20260830-120039.png,20260830120039,228.001953125,273.015625,320.0078125,259.0,293.0000004768372,330.0078125,59.69,57.9,51.824,40.5101,29.1962,HOLD,no_rule_matched,No v3 condition fully matched this frame (neutral).
Screenshot_20260830-120045.png,20260830120045,208.0000000149012,297.0000000000018,387.0,256.0000000149012,338.0,420.0,59.69,57.9,51.824,40.5101,29.1962,HOLD,no_rule_matched,No v3 condition fully matched this frame (neutral).
Screenshot_20260830-120051.png,20260830120051,398.00006103515625,431.00006103515625,461.000244140625,298.5,452.0000000000009,466.00390625,59.69,57.9,51.824,40.5101,29.1962,BUY,expansion_buy,"expansion=True, f7<f11=True, f8<f11=True"
Screenshot_20260830-120057.png,20260830120057,265.000244140625,316.00000381469727,366.0000001192093,251.0009765625,290.0000305175781,330.0000004768372,59.69,57.9,51.824,40.5101,29.1962,HOLD,no_rule_matched,No v3 condition fully matched this frame (neutral).
Screenshot_20260830-120119.png,20260830120119,256.0000305175781,324.00390625,393.015625,292.25,347.0000000000073,407.0000000037253,49.26,58.09,68.7296,47.3559,25.9792,HOLD,no_rule_matched,No v3 condition fully matched this frame (neutral).
Screenshot_20260830-120131.png,20260830120131,155.03125,189.00001525878903,224.0000000037253,182.5019536018372,239.0000000000582,270.5,49.26,58.09,68.7326,47.3559,25.9797,HOLD,no_rule_matched,No v3 condition fully matched this frame (neutral).
Screenshot_20260830-120138.png,20260830120138,390.50000405311584,459.000244140625,465.25,287.5,448.0,465.0078125,49.26,58.09,68.7326,47.3559,25.9792,HOLD,no_rule_matched,No v3 condition fully matched this frame (neutral).
Screenshot_20260830-120145.png,20260830120145,153.00000000093132,207.00000190734863,261.001953125,136.00000000000364,199.00000000001452,263.0000000001164,49.26,58.09,68.7326,47.3559,25.9792,BUY,expansion_buy,"expansion=True, f7<f11=True, f8<f11=True"
Screenshot_20260830-120152.png,20260830120152,420.00048828125,439.0078125,459.125,426.0078125,445.015625,464.015625,49.26,58.09,68.7326,47.3559,25.9792,HOLD,no_rule_matched,No v3 condition fully matched this frame (neutral).
Screenshot_20260830-120205.png,20260830120205,166.001953125,207.00048828125,246.0000004768372,180.00006103515625,197.00390625,217.001953125,49.26,58.09,68.7326,47.3559,25.9792,HOLD,no_rule_matched,No v3 condition fully matched this frame (contraction).
Screenshot_20260830-120211.png,20260830120211,79.0625,111.015625,143.0078125,74.0009765625,109.00000762939452,143.0000001192093,49.26,58.09,68.7326,47.3559,25.9792,HOLD,no_rule_matched,No v3 condition fully matched this frame (neutral).
Screenshot_20260830-120222.png,20260830120222,143.375,171.00048828125,195.0001220703125,162.00000001490116,166.00000001490116,170.00000001490116,60.19,53.314,73.7894,53.8319,33.8745,BUY,rule_b_buy,"touches(f7,f10/f11)=7, f8_cross_down_f10=True, f8<=f10=True"
Screenshot_20260830-120230.png,20260830120230,311.1328125,333.125,367.00000190734863,230.78125,331.00048828125,372.00000190734863,60.19,53.314,73.7894,53.8319,33.8745,BUY,expansion_buy,"expansion=True, f7<f11=True, f8<f11=True"
Screenshot_20260830-120237.png,20260830120237,81.0078125,109.0001220703125,136.00000190734863,92.00001525878906,120.00000095367432,147.00000023841858,60.19,53.314,73.7894,53.8319,33.8745,HOLD,no_rule_matched,No v3 condition fully matched this frame (neutral).
Screenshot_20260830-120245.png,20260830120245,383.0000001192093,406.001953125,440.0000009536743,421.0,436.5000000009313,452.00000000186265,60.19,53.314,73.7894,53.8319,33.8745,HOLD,no_rule_matched,No v3 condition fully matched this frame (neutral).
Screenshot_20260830-120253.png,20260830120253,301.0078125,362.00000381469727,422.0000000009313,290.0078125,328.00048828125,368.0000004768372,60.19,53.314,73.7894,53.8319,33.8745,HOLD,no_rule_matched,No v3 condition fully matched this frame (neutral).
Screenshot_20260830-120300.png,20260830120300,102.015625,142.0001220703125,181.00003051757807,118.00000762939452,142.001953125,169.00390625,60.19,53.314,73.7894,53.8319,33.8745,BUY,rule_b_buy,"touches(f7,f10/f11)=7, f8_cross_down_f10=False, f8<=f10=True"
Screenshot_20260830-120306.png,20260830120306,331.5390625,387.001953125,440.015625,334.001953125,394.00000381469727,455.0000000009313,60.19,53.314,73.7894,53.8319,33.8745,HOLD,no_rule_matched,No v3 condition fully matched this frame (neutral).
Screenshot_20260830-120312.png,20260830120312,104.00000047683716,179.00000023841858,253.00000023841855,175.0,222.0000000004657,271.000244140625,60.19,53.314,73.7894,53.8319,33.8745,HOLD,no_rule_matched,No v3 condition fully matched this frame (neutral).
Screenshot_20260830-120317.png,20260830120317,135.0001220703125,149.00390625,163.125,131.00006103515625,147.00048828125,162.0078125,60.19,53.314,73.7894,53.8319,33.8745,HOLD,no_rule_matched,No v3 condition fully matched this frame (neutral).
Screenshot_20260830-120324.png,20260830120324,129.00003051757812,156.00003051757812,183.00001525878903,137.0078125,165.000244140625,193.00000762939453,60.19,53.314,73.7894,53.8319,33.8745,HOLD,no_rule_matched,No v3 condition fully matched this frame (neutral).
Screenshot_20260830-120331.png,20260830120331,108.015625,191.0001220703125,275.0000000298023,85.0625,149.00048828125,215.00000095367432,60.19,53.314,73.7894,53.8319,33.8745,HOLD,no_rule_matched,No v3 condition fully matched this frame (neutral).
Screenshot_20260830-120337.png,20260830120337,337.0000305175781,394.0000305175781,446.0009765625,402.00000000001455,427.00000190734863,454.00390625,60.19,53.314,73.7894,53.8319,33.8745,HOLD,no_rule_matched,No v3 condition fully matched this frame (neutral).
Screenshot_20260830-120343.png,20260830120343,399.25,414.0625,427.0625,404.0078125,415.5039064884186,427.0000004768372,60.19,53.314,73.7894,53.8319,33.8745,BUY,rule_b_buy,"touches(f7,f10/f11)=7, f8_cross_down_f10=False, f8<=f10=True"
Screenshot_20260830-120351.png,20260830120351,83.00048828125,116.00003051757812,152.00000005960464,100.00000381469728,130.00000095367432,164.00000001490116,60.19,53.314,73.7894,53.8319,33.8745,HOLD,no_rule_matched,No v3 condition fully matched this frame (neutral).
Screenshot_20260830-120402.png,20260830120402,234.03125,242.0,255.03125,240.03125,246.0625,253.03125,52.17,51.253,54.5676,41.5481,28.5285,SELL,rule_b_sell,"touches(f7,f10/f9)=5, f8_cross_up_f10=True, f8>=f10=True"
Screenshot_20260830-120409.png,20260830120409,375.00390625,405.00001525878906,434.0000002384186,319.2509765625,412.00001525878906,444.0000000298023,52.17,51.253,54.5676,41.5481,28.5285,BUY,expansion_buy,"expansion=True, f7<f11=True, f8<f11=True"
Screenshot_20260830-120415.png,20260830120415,314.0000004768372,369.0000000074506,425.0000000000291,355.00000000023283,398.0000000001164,444.0000000000073,52.17,51.253,54.5676,41.5481,28.5285,HOLD,no_rule_matched,No v3 condition fully matched this frame (neutral).
Screenshot_20260830-120421.png,20260830120421,181.00000095367432,254.0000000004657,327.0000000000002,230.00000005960464,287.00000000000364,347.0,52.17,51.253,54.5676,41.5481,28.5285,HOLD,no_rule_matched,No v3 condition fully matched this frame (neutral).
Screenshot_20260830-120429.png,20260830120429,382.5009765625,406.0625,446.0078125,356.00390625,403.001953125,450.00048828125,52.17,51.253,54.5676,41.5481,28.5285,BUY,expansion_buy,"expansion=True, f7<f11=True, f8<f11=True"
Screenshot_20260830-120454.png,20260830120454,377.0078125,424.000244140625,468.00006103515625,451.0,459.75,468.5,52.17,51.253,54.5676,41.5481,28.5285,HOLD,no_rule_matched,No v3 condition fully matched this frame (neutral).
Screenshot_20260830-120501.png,20260830120501,123.00000002980232,210.00000000001452,296.0,110.00000762939452,158.0000038146973,206.0,52.17,51.253,54.5676,41.5481,28.5285,HOLD,no_rule_matched,No v3 condition fully matched this frame (neutral).
Screenshot_20260830-120506.png,20260830120506,195.0000001192093,256.0000000149012,318.0000000009313,252.0,292.00000000000364,332.0000004768372,52.17,51.253,54.5676,41.5481,28.5285,HOLD,no_rule_matched,No v3 condition fully matched this frame (neutral).
Screenshot_20260830-120514.png,20260830120514,195.00000095367432,273.0001220703125,351.0625,175.00000000093132,266.0000002384186,357.0000305175781,52.17,51.253,54.5676,41.5481,28.5285,BUY,expansion_buy,"expansion=True, f7<f11=True, f8<f11=True"
Screenshot_20260830-120522.png,20260830120522,361.0000004768372,387.0078125,417.001953125,407.0000000001164,414.5009765625582,422.001953125,52.17,51.253,54.5676,41.5481,28.5285,HOLD,no_rule_matched,No v3 condition fully matched this frame (neutral).
Screenshot_20260830-120531.png,20260830120531,94.00390625,176.0000001192093,257.0000000000018,95.001953125,124.0009765625,154.00000762939453,52.17,51.253,54.5676,41.5481,28.5285,HOLD,no_rule_matched,No v3 condition fully matched this frame (contraction).
Screenshot_20260830-120553.png,20260830120553,413.015625,435.03125,456.0625,229.25006103515625,436.0009765625,458.001953125,52.17,51.253,54.5676,41.5481,28.5285,BUY,expansion_buy,"expansion=True, f7<f11=True, f8<f11=True"
Screenshot_20260830-120619.png,20260830120619,144.00015258789062,217.0625,228.0625,100.00390625,161.00390625,223.0009765625,38.42,46.89,49.0994,42.3013,35.5032,HOLD,no_rule_matched,No v3 condition fully matched this frame (neutral).
Screenshot_20260830-120628.png,20260830120628,320.0001220703125,375.0000305175781,429.00001525878906,302.7500000001164,403.0000002384186,447.00006103515625,38.42,46.89,49.0994,42.3013,35.5032,BUY,expansion_buy,"expansion=True, f7<f11=True, f8<f11=True"
Screenshot_20260830-120634.png,20260830120634,147.00003051757812,185.001953125,224.03125,162.50000003073364,208.00000190734863,293.5,38.42,46.89,49.0994,42.3013,35.5032,HOLD,no_rule_matched,No v3 condition fully matched this frame (neutral).
Screenshot_20260830-120642.png,20260830120642,194.00390625,226.00006103515625,260.00000000186265,211.00001525878903,245.00000762939453,279.0,38.42,46.89,49.0994,42.3013,35.5032,HOLD,no_rule_matched,No v3 condition fully matched this frame (neutral).
Screenshot_20260830-120651.png,20260830120651,148.001953125,175.001953125,202.00048828125,150.00001525878906,171.000244140625,192.001953125,38.42,46.89,49.0994,42.3013,35.5032,SELL,rule_b_sell,"touches(f7,f10/f9)=12, f8_cross_up_f10=False, f8>=f10=True"
Screenshot_20260830-120706.png,20260830120706,125.0001220703125,150.00048828125,175.0009765625,123.00000381469728,144.0001220703125,165.001953125,38.42,46.89,49.0994,42.3013,35.5032,HOLD,no_rule_matched,No v3 condition fully matched this frame (neutral).
Screenshot_20260830-120713.png,20260830120713,310.0000000149012,371.0000009536743,433.0000305175781,368.0000000000018,408.0000001192093,451.00048828125,38.42,46.89,49.0994,42.3013,35.5032,HOLD,no_rule_matched,No v3 condition fully matched this frame (neutral).
Screenshot_20260830-120720.png,20260830120720,183.000244140625,246.00000023841855,317.0000000000018,171.0078125,211.00390625,251.0,38.42,46.89,49.0994,42.3013,35.5032,HOLD,no_rule_matched,No v3 condition fully matched this frame (neutral).
Screenshot_20260830-120726.png,20260830120726,128.00000095367432,164.00001525878906,200.0001220703125,155.00000000745058,182.0000038146973,210.001953125,38.42,46.89,49.0994,42.3013,35.5032,HOLD,no_rule_matched,No v3 condition fully matched this frame (neutral).
Screenshot_20260830-120732.png,20260830120732,94.0625,116.00390625,137.0009765625,92.0078125,113.0009765625,133.000244140625,38.42,46.89,49.0994,42.3013,35.5032,HOLD,no_rule_matched,No v3 condition fully matched this frame (neutral).
Screenshot_20260830-120808.png,20260830120808,128.00006103515625,160.00048828125,192.00390625,139.25000002980232,177.00001525878906,201.001953125,38.42,46.89,49.0994,42.3013,35.5032,HOLD,no_rule_matched,No v3 condition fully matched this frame (neutral).
Screenshot_20260830-120815.png,20260830120815,285.0000002384186,352.0000009536743,417.00001525878906,242.75,394.00000005960464,425.0078125,38.42,46.89,49.0994,42.3013,35.5032,BUY,expansion_buy,"expansion=True, f7<f11=True, f8<f11=True"
Screenshot_20260830-120823.png,20260830120823,142.03125,179.001953125,218.00003051757807,140.00006103515625,175.0001220703125,208.00048828125,38.42,46.89,49.0994,42.3013,35.5032,HOLD,no_rule_matched,No v3 condition fully matched this frame (neutral).
Screenshot_20260830-120831.png,20260830120831,260.0000002384186,338.00001525878906,422.00001525878906,174.75,386.00000000001455,441.00001525878906,38.42,46.89,49.0994,42.3013,35.5032,BUY,expansion_buy,"expansion=True, f7<f11=True, f8<f11=True"
Screenshot_20260830-120839.png,20260830120839,163.0625,250.001953125,336.0001220703125,98.7509765625,216.0000038146973,297.0000000000018,38.42,46.89,49.0994,42.3013,35.5032,HOLD,no_rule_matched,No v3 condition fully matched this frame (neutral).
Screenshot_20260830-120845.png,20260830120845,394.0000000000002,429.0000000298023,466.00048828125,339.2509765625,437.00048828125,468.0009765625,38.42,46.89,49.0994,42.3013,35.5032,BUY,expansion_buy,"expansion=True, f7<f11=True, f8<f11=True"
Screenshot_20260830-120851.png,20260830120851,153.001953125,242.00000002980232,330.0000000000018,161.50390815734863,272.00000000046566,280.5,38.42,46.89,49.0994,42.3013,35.5032,SELL,rule_b_sell,"touches(f7,f10/f9)=17, f8_cross_up_f10=False, f8>=f10=True"
Screenshot_20260830-120857.png,20260830120857,411.0000002384186,433.00006103515625,456.001953125,366.25001525878906,445.000244140625,461.001953125,38.42,46.89,49.0994,42.3013,35.5032,BUY,expansion_buy,"expansion=True, f7<f11=True, f8<f11=True"
Screenshot_20260830-120908.png,20260830120908,151.00006103515625,164.0009765625,176.0625,136.7500038146973,161.000244140625,175.00390625,66.16,69.768,77.2556,58.7723,45.289,HOLD,no_rule_matched,No v3 condition fully matched this frame (neutral).
Screenshot_20260830-120916.png,20260830120916,354.03125,390.001953125,426.0001220703125,338.2500000074506,408.0000002384186,438.0000076293945,66.16,69.768,72.2556,58.7723,45.289,BUY,expansion_buy,"expansion=True, f7<f11=True, f8<f11=True"
Screenshot_20260830-120937.png,20260830120937,132.00006103515625,190.0000038146973,249.0000000004657,150.50049018859863,213.03125,255.5,66.16,69.768,72.2556,58.7723,45.289,HOLD,no_rule_matched,No v3 condition fully matched this frame (neutral).
Screenshot_20260830-120944.png,20260830120944,132.00390625,218.0000000009313,310.0,115.015625,170.00003051757812,226.00000000186265,66.16,69.768,72.2556,58.7723,45.289,HOLD,no_rule_matched,No v3 condition fully matched this frame (neutral).
Screenshot_20260830-120958.png,20260830120958,121.0009765625,156.001953125,189.015625,144.00001525878906,172.0009765625,200.00006103515625,66.16,69.768,72.2556,58.7723,45.289,HOLD,no_rule_matched,No v3 condition fully matched this frame (neutral).
Screenshot_20260830-121007.png,20260830121007,337.015625,359.015625,381.03125,347.00000762939453,368.000244140625,389.0078125,66.16,69.768,72.2556,58.7723,45.289,HOLD,no_rule_matched,No v3 condition fully matched this frame (neutral).
Screenshot_20260830-121017.png,20260830121017,257.0,331.00000000000045,406.00000190734863,229.0,304.0,381.0000000000291,66.16,69.768,72.2556,58.7723,45.289,HOLD,no_rule_matched,No v3 condition fully matched this frame (neutral).
Screenshot_20260830-121026.png,20260830121026,74.015625,96.001953125,117.0009765625,84.0001220703125,105.0001220703125,126.0001220703125,66.16,69.768,72.2556,58.7723,45.289,HOLD,no_rule_matched,No v3 condition fully matched this frame (neutral).
Screenshot_20260830-121044.png,20260830121044,367.0000305175781,402.00048828125,437.0078125,364.7500002384186,422.000244140625,447.03125,72.85,64.127,57.7423,46.5132,35.2841,BUY,expansion_buy,"expansion=True, f7<f11=True, f8<f11=True"
Screenshot_20260830-121109.png,20260830121109,205.0000038156286,287.0625,294.03125,245.0000004768372,267.001953125,294.0009765625,72.85,64.127,57.7423,46.5132,35.2841,HOLD,no_rule_matched,No v3 condition fully matched this frame (contraction).
