filename,bytes,sha256,role
USDCHF_M5_BIDASK_5Y.csv,38311813,f93d6440dafb3427f7ceffd0ed9265d7bc02a6434864cba4ce288533d805ff97,five-year USDCHF M5 Bid/Ask source dataset
USDCHF_V53_6_added_small_accounts_diagnostic.csv,4990,6ae7ae4271439a2441e823a117059f5a7f3dcb8790d748a407582815d2358383,small-account summary-only diagnostic
USDCHF_V53_6_autonomous_assessment_cash_ledger.csv,49856456,da2a27e1f2edd73f5b8269d5ae4a3088c8e59f084f2064b1cce6494188142f53,autonomous-assessment cash event ledger
USDCHF_V53_6_autonomous_assessment_cash_summary.csv,7102,198dd51bc8b24bf7dd047d412bcbedd525c21bda24b9a1d347b4e0b3ed4ff2d6,autonomous-assessment cash summary
USDCHF_V53_6_cash_test_ledger.csv,48616611,104598a66c1187925c05450180d3353e1a1ec4197267c836ed1d7db0c5e40947,cash-test event ledger
USDCHF_V53_6_cash_test_summary.csv,3757,f6b6bee801d24738339d4f9e5feb57b0e340dc87ab284574608d35dd7f177d82,cash-test summary
USDCHF_V53_6_operational_replay_ledger.csv,930933,c288d1623c3b77cf747f7795bb231cd4aeffc67fbc461d4b56e195480e8815bd,operational replay event ledger
USDCHF_cap_sensitivity_replay.csv,21829,4e9e8afd0958a468ad747cd3d48327f2b41f75a63a53cb28c77968e5bee2d499,cap-sensitivity replay summary
Screenshot_20260928-211149.png,139816,97446d05472157d7b68ab33777940d623606fc3f6749419d277d3827c8c5195b,VPS/Demo mobile screenshot evidence
Screenshot_20260928-211159.png,197332,419868357664caa53a33ec29be6987ca6a2d542ae1655efb9636ffee74c417ad,VPS/Demo mobile screenshot evidence
